UrunID;UrunAd;UrunAdet
1;hdd;6
2;fdd;13
3;cdrom;10
4;ddrom;27
5;ram;34
6;monitor;41
7;klavye;48
8;hdd;6
9;fdd;13
10;cdrom;10
11;ddrom;27
12;ram;34
13;monitor;41
14;klavye;48
15;hdd;6
16;fdd;13
17;cdrom;10
18;ddrom;27
19;ram;34
20;monitor;41
21;klavye;48
22;hdd;6
23;fdd;13
24;cdrom;10
25;ddrom;27
26;ram;34
27;monitor;41
28;klavye;48
29;hdd;6
30;fdd;13
31;cdrom;10
32;ddrom;27
33;ram;34
34;monitor;41
35;klavye;48
36;hdd;6
37;fdd;13
38;cdrom;10
39;ddrom;27
40;ram;34
41;monitor;41
42;klavye;48
43;hdd;6
44;fdd;13
45;cdrom;10
46;ddrom;27
47;ram;34
48;monitor;41
49;klavye;48
50;hdd;6
51;fdd;13
52;cdrom;10
53;ddrom;27
54;ram;34
55;monitor;41
56;klavye;48
57;hdd;6
58;fdd;13
59;cdrom;10
60;ddrom;27
61;ram;34
62;monitor;41
63;klavye;48
64;hdd;6
65;fdd;13
66;cdrom;10
67;ddrom;27
68;ram;34
69;monitor;41
70;klavye;48
71;hdd;6
72;fdd;13
73;cdrom;10
74;ddrom;27
75;ram;34
76;monitor;41
77;klavye;48
78;hdd;6
79;fdd;13
80;cdrom;10
81;ddrom;27
82;ram;34
83;monitor;41
84;klavye;48
85;hdd;6
86;fdd;13
87;cdrom;10
88;ddrom;27
89;ram;34
90;monitor;41
91;klavye;48
92;hdd;6
93;fdd;13
94;cdrom;10
95;ddrom;27
96;ram;34
97;monitor;41
98;klavye;48
99;hdd;6
100;fdd;13
101;cdrom;10
102;ddrom;27
103;ram;34
104;monitor;41
105;klavye;48
106;hdd;6
107;fdd;13
108;cdrom;10
109;ddrom;27
110;ram;34
111;monitor;41
112;klavye;48
113;hdd;6
114;fdd;13
115;cdrom;10
116;ddrom;27
117;ram;34
118;monitor;41
119;klavye;48
120;hdd;6
121;fdd;13
122;cdrom;10
123;ddrom;27
124;ram;34
125;monitor;41
126;klavye;48
127;hdd;6
128;fdd;13
129;cdrom;10
130;ddrom;27
131;ram;34
132;monitor;41
133;klavye;48
134;hdd;6
135;fdd;13
136;cdrom;10
137;ddrom;27
138;ram;34
139;monitor;41
140;klavye;48
141;hdd;6
142;fdd;13
143;cdrom;10
144;ddrom;27
145;ram;34
146;monitor;41
147;klavye;48
148;hdd;6
149;fdd;13
150;cdrom;10
151;ddrom;27
152;ram;34
153;monitor;41
154;klavye;48
155;hdd;6
156;fdd;13
157;cdrom;10
158;ddrom;27
159;ram;34
160;monitor;41
161;klavye;48
162;hdd;6
163;fdd;13
164;cdrom;10
165;ddrom;27
166;ram;34
167;monitor;41
168;klavye;48
169;hdd;6
170;fdd;13
171;cdrom;10
172;ddrom;27
173;ram;34
174;monitor;41
175;klavye;48
176;hdd;6
177;fdd;13
178;cdrom;10
179;ddrom;27
180;ram;34
181;monitor;41
182;klavye;48
183;hdd;6
184;fdd;13
185;cdrom;10
186;ddrom;27
187;ram;34
188;monitor;41
189;klavye;48
190;hdd;6
191;fdd;13
192;cdrom;10
193;ddrom;27
194;ram;34
195;monitor;41
196;klavye;48
197;hdd;6
198;fdd;13
199;cdrom;10
200;ddrom;27
201;ram;34
202;monitor;41
203;klavye;48
204;hdd;6
205;fdd;13
206;cdrom;10
207;ddrom;27
208;ram;34
209;monitor;41
210;klavye;48
211;hdd;6
212;fdd;13
213;cdrom;10
214;ddrom;27
215;ram;34
216;monitor;41
217;klavye;48
218;hdd;6
219;fdd;13
220;cdrom;10
221;ddrom;27
222;ram;34
223;monitor;41
224;klavye;48
225;hdd;6
226;fdd;13
227;cdrom;10
228;ddrom;27
229;ram;34
230;monitor;41
231;klavye;48
232;hdd;6
233;fdd;13
234;cdrom;10
235;ddrom;27
236;ram;34
237;monitor;41
238;klavye;48
239;hdd;6
240;fdd;13
241;cdrom;10
242;ddrom;27
243;ram;34
244;monitor;41
245;klavye;48
246;hdd;6
247;fdd;13
248;cdrom;10
249;ddrom;27
250;ram;34
251;monitor;41
252;klavye;48
253;hdd;6
254;fdd;13
255;cdrom;10
256;ddrom;27
257;ram;34
258;monitor;41
259;klavye;48
260;hdd;6
261;fdd;13
262;cdrom;10
263;ddrom;27
264;ram;34
265;monitor;41
266;klavye;48
267;hdd;6
268;fdd;13
269;cdrom;10
270;ddrom;27
271;ram;34
272;monitor;41
273;klavye;48
274;hdd;6
275;fdd;13
276;cdrom;10
277;ddrom;27
278;ram;34
279;monitor;41
280;klavye;48
281;hdd;6
282;fdd;13
283;cdrom;10
284;ddrom;27
285;ram;34
286;monitor;41
287;klavye;48
288;hdd;6
289;fdd;13
290;cdrom;10
291;ddrom;27
292;ram;34
293;monitor;41
294;klavye;48
295;hdd;6
296;fdd;13
297;cdrom;10
298;ddrom;27
299;ram;34
300;monitor;41
301;klavye;48
302;hdd;6
303;fdd;13
304;cdrom;10
305;ddrom;27
306;ram;34
307;monitor;41
308;klavye;48
309;hdd;6
310;fdd;13
311;cdrom;10
312;ddrom;27
313;ram;34
314;monitor;41
315;klavye;48
316;hdd;6
317;fdd;13
318;cdrom;10
319;ddrom;27
320;ram;34
321;monitor;41
322;klavye;48
323;hdd;6
324;fdd;13
325;cdrom;10
326;ddrom;27
327;ram;34
328;monitor;41
329;klavye;48
330;hdd;6
331;fdd;13
332;cdrom;10
333;ddrom;27
334;ram;34
335;monitor;41
336;klavye;48
337;hdd;6
338;fdd;13
339;cdrom;10
340;ddrom;27
341;ram;34
342;monitor;41
343;klavye;48
344;hdd;6
345;fdd;13
346;cdrom;10
347;ddrom;27
348;ram;34
349;monitor;41
350;klavye;48
351;hdd;6
352;fdd;13
353;cdrom;10
354;ddrom;27
355;ram;34
356;monitor;41
357;klavye;48
358;hdd;6
359;fdd;13
360;cdrom;10
361;ddrom;27
362;ram;34
363;monitor;41
364;klavye;48
365;hdd;6
366;fdd;13
367;cdrom;10
368;ddrom;27
369;ram;34
370;monitor;41
371;klavye;48
372;hdd;6
373;fdd;13
374;cdrom;10
375;ddrom;27
376;ram;34
377;monitor;41
378;klavye;48
379;hdd;6
380;fdd;13
381;cdrom;10
382;ddrom;27
383;ram;34
384;monitor;41
385;klavye;48
386;hdd;6
387;fdd;13
388;cdrom;10
389;ddrom;27
390;ram;34
391;monitor;41
392;klavye;48
393;hdd;6
394;fdd;13
395;cdrom;10
396;ddrom;27
397;ram;34
398;monitor;41
399;klavye;48
400;hdd;6
401;fdd;13
402;cdrom;10
403;ddrom;27
404;ram;34
405;monitor;41
406;klavye;48
407;hdd;6
408;fdd;13
409;cdrom;10
410;ddrom;27
411;ram;34
412;monitor;41
413;klavye;48
414;hdd;6
415;fdd;13
416;cdrom;10
417;ddrom;27
418;ram;34
419;monitor;41
420;klavye;48
421;hdd;6
422;fdd;13
423;cdrom;10
424;ddrom;27
425;ram;34
426;monitor;41
427;klavye;48
428;hdd;6
429;fdd;13
430;cdrom;10
431;ddrom;27
432;ram;34
433;monitor;41
434;klavye;48
435;hdd;6
436;fdd;13
437;cdrom;10
438;ddrom;27
439;ram;34
440;monitor;41
441;klavye;48
442;hdd;6
443;fdd;13
444;cdrom;10
445;ddrom;27
446;ram;34
447;monitor;41
448;klavye;48
449;hdd;6
450;fdd;13
451;cdrom;10
452;ddrom;27
453;ram;34
454;monitor;41
455;klavye;48
456;hdd;6
457;fdd;13
458;cdrom;10
459;ddrom;27
460;ram;34
461;monitor;41
462;klavye;48
463;hdd;6
464;fdd;13
465;cdrom;10
466;ddrom;27
467;ram;34
468;monitor;41
469;klavye;48
470;hdd;6
471;fdd;13
472;cdrom;10
473;ddrom;27
474;ram;34
475;monitor;41
476;klavye;48
477;hdd;6
478;fdd;13
479;cdrom;10
480;ddrom;27
481;ram;34
482;monitor;41
483;klavye;48
484;hdd;6
485;fdd;13
486;cdrom;10
487;ddrom;27
488;ram;34
489;monitor;41
490;klavye;48
491;hdd;6
492;fdd;13
493;cdrom;10
494;ddrom;27
495;ram;34
496;monitor;41
497;klavye;48
498;hdd;6
499;fdd;13
500;cdrom;10
501;ddrom;27
502;ram;34
503;monitor;41
504;klavye;48
505;hdd;6
506;fdd;13
507;cdrom;10
508;ddrom;27
509;ram;34
510;monitor;41
511;klavye;48
512;hdd;6
513;fdd;13
514;cdrom;10
515;ddrom;27
516;ram;34
517;monitor;41
518;klavye;48
519;hdd;6
520;fdd;13
521;cdrom;10
522;ddrom;27
523;ram;34
524;monitor;41
525;klavye;48
526;hdd;6
527;fdd;13
528;cdrom;10
529;ddrom;27
530;ram;34
531;monitor;41
532;klavye;48
533;hdd;6
534;fdd;13
535;cdrom;10
536;ddrom;27
537;ram;34
538;monitor;41
539;klavye;48
540;hdd;6
541;fdd;13
542;cdrom;10
543;ddrom;27
544;ram;34
545;monitor;41
546;klavye;48
547;hdd;6
548;fdd;13
549;cdrom;10
550;ddrom;27
551;ram;34
552;monitor;41
553;klavye;48
554;hdd;6
555;fdd;13
556;cdrom;10
557;ddrom;27
558;ram;34
559;monitor;41
560;klavye;48
561;hdd;6
562;fdd;13
563;cdrom;10
564;ddrom;27
565;ram;34
566;monitor;41
567;klavye;48
568;hdd;6
569;fdd;13
570;cdrom;10
571;ddrom;27
572;ram;34
573;monitor;41
574;klavye;48
575;hdd;6
576;fdd;13
577;cdrom;10
578;ddrom;27
579;ram;34
580;monitor;41
581;klavye;48
582;hdd;6
583;fdd;13
584;cdrom;10
585;ddrom;27
586;ram;34
587;monitor;41
588;klavye;48
589;hdd;6
590;fdd;13
591;cdrom;10
592;ddrom;27
593;ram;34
594;monitor;41
595;klavye;48
596;hdd;6
597;fdd;13
598;cdrom;10
599;ddrom;27
600;ram;34
601;monitor;41
602;klavye;48
603;hdd;6
604;fdd;13
605;cdrom;10
606;ddrom;27
607;ram;34
608;monitor;41
609;klavye;48
610;hdd;6
611;fdd;13
612;cdrom;10
613;ddrom;27
614;ram;34
615;monitor;41
616;klavye;48
617;hdd;6
618;fdd;13
619;cdrom;10
620;ddrom;27
621;ram;34
622;monitor;41
623;klavye;48
624;hdd;6
625;fdd;13
626;cdrom;10
627;ddrom;27
628;ram;34
629;monitor;41
630;klavye;48
631;hdd;6
632;fdd;13
633;cdrom;10
634;ddrom;27
635;ram;34
636;monitor;41
637;klavye;48
638;hdd;6
639;fdd;13
640;cdrom;10
641;ddrom;27
642;ram;34
643;monitor;41
644;klavye;48
645;hdd;6
646;fdd;13
647;cdrom;10
648;ddrom;27
649;ram;34
650;monitor;41
651;klavye;48
652;hdd;6
653;fdd;13
654;cdrom;10
655;ddrom;27
656;ram;34
657;monitor;41
658;klavye;48
659;hdd;6
660;fdd;13
661;cdrom;10
662;ddrom;27
663;ram;34
664;monitor;41
665;klavye;48
666;hdd;6
667;fdd;13
668;cdrom;10
669;ddrom;27
670;ram;34
671;monitor;41
672;klavye;48
673;hdd;6
674;fdd;13
675;cdrom;10
676;ddrom;27
677;ram;34
678;monitor;41
679;klavye;48
680;hdd;6
681;fdd;13
682;cdrom;10
683;ddrom;27
684;ram;34
685;monitor;41
686;klavye;48
687;hdd;6
688;fdd;13
689;cdrom;10
690;ddrom;27
691;ram;34
692;monitor;41
693;klavye;48
694;hdd;6
695;fdd;13
696;cdrom;10
697;ddrom;27
698;ram;34
699;monitor;41
700;klavye;48
701;hdd;6
702;fdd;13
703;cdrom;10
704;ddrom;27
705;ram;34
706;monitor;41
707;klavye;48
708;hdd;6
709;fdd;13
710;cdrom;10
711;ddrom;27
712;ram;34
713;monitor;41
714;klavye;48
715;hdd;6
716;fdd;13
717;cdrom;10
718;ddrom;27
719;ram;34
720;monitor;41
721;klavye;48
722;hdd;6
723;fdd;13
724;cdrom;10
725;ddrom;27
726;ram;34
727;monitor;41
728;klavye;48
729;hdd;6
730;fdd;13
731;cdrom;10
732;ddrom;27
733;ram;34
734;monitor;41
735;klavye;48
736;hdd;6
737;fdd;13
738;cdrom;10
739;ddrom;27
740;ram;34
741;monitor;41
742;klavye;48
743;hdd;6
744;fdd;13
745;cdrom;10
746;ddrom;27
747;ram;34
748;monitor;41
749;klavye;48
750;hdd;6
751;fdd;13
752;cdrom;10
753;ddrom;27
754;ram;34
755;monitor;41
756;klavye;48
757;hdd;6
758;fdd;13
759;cdrom;10
760;ddrom;27
761;ram;34
762;monitor;41
763;klavye;48
764;hdd;6
765;fdd;13
766;cdrom;10
767;ddrom;27
768;ram;34
769;monitor;41
770;klavye;48
771;hdd;6
772;fdd;13
773;cdrom;10
774;ddrom;27
775;ram;34
776;monitor;41
777;klavye;48
778;hdd;6
779;fdd;13
780;cdrom;10
781;ddrom;27
782;ram;34
783;monitor;41
784;klavye;48
785;hdd;6
786;fdd;13
787;cdrom;10
788;ddrom;27
789;ram;34
790;monitor;41
791;klavye;48
792;hdd;6
793;fdd;13
794;cdrom;10
795;ddrom;27
796;ram;34
797;monitor;41
798;klavye;48
799;hdd;6
800;fdd;13
801;cdrom;10
802;ddrom;27
803;ram;34
804;monitor;41
805;klavye;48
806;hdd;6
807;fdd;13
808;cdrom;10
809;ddrom;27
810;ram;34
811;monitor;41
812;klavye;48
813;hdd;6
814;fdd;13
815;cdrom;10
816;ddrom;27
817;ram;34
818;monitor;41
819;klavye;48
820;hdd;6
821;fdd;13
822;cdrom;10
823;ddrom;27
824;ram;34
825;monitor;41
826;klavye;48
827;hdd;6
828;fdd;13
829;cdrom;10
830;ddrom;27
831;ram;34
832;monitor;41
833;klavye;48
834;hdd;6
835;fdd;13
836;cdrom;10
837;ddrom;27
838;ram;34
839;monitor;41
840;klavye;48
841;hdd;6
842;fdd;13
843;cdrom;10
844;ddrom;27
845;ram;34
846;monitor;41
847;klavye;48
848;hdd;6
849;fdd;13
850;cdrom;10
851;ddrom;27
852;ram;34
853;monitor;41
854;klavye;48
855;hdd;6
856;fdd;13
857;cdrom;10
858;ddrom;27
859;ram;34
860;monitor;41
861;klavye;48
862;hdd;6
863;fdd;13
864;cdrom;10
865;ddrom;27
866;ram;34
867;monitor;41
868;klavye;48
869;hdd;6
870;fdd;13
871;cdrom;10
872;ddrom;27
873;ram;34
874;monitor;41
875;klavye;48
876;hdd;6
877;fdd;13
878;cdrom;10
879;ddrom;27
880;ram;34
881;monitor;41
882;klavye;48
883;hdd;6
884;fdd;13
885;cdrom;10
886;ddrom;27
887;ram;34
888;monitor;41
889;klavye;48
890;hdd;6
891;fdd;13
892;cdrom;10
893;ddrom;27
894;ram;34
895;monitor;41
896;klavye;48
897;hdd;6
898;fdd;13
899;cdrom;10
900;ddrom;27
901;ram;34
902;monitor;41
903;klavye;48
904;hdd;6
905;fdd;13
906;cdrom;10
907;ddrom;27
908;ram;34
909;monitor;41
910;klavye;48
911;hdd;6
912;fdd;13
913;cdrom;10
914;ddrom;27
915;ram;34
916;monitor;41
917;klavye;48
918;hdd;6
919;fdd;13
920;cdrom;10
921;ddrom;27
922;ram;34
923;monitor;41
924;klavye;48
925;hdd;6
926;fdd;13
927;cdrom;10
928;ddrom;27
929;ram;34
930;monitor;41
931;klavye;48
932;hdd;6
933;fdd;13
934;cdrom;10
935;ddrom;27
936;ram;34
937;monitor;41
938;klavye;48
939;hdd;6
940;fdd;13
941;cdrom;10
942;ddrom;27
943;ram;34
944;monitor;41
945;klavye;48
946;hdd;6
947;fdd;13
948;cdrom;10
949;ddrom;27
950;ram;34
951;monitor;41
952;klavye;48
953;hdd;6
954;fdd;13
955;cdrom;10
956;ddrom;27
957;ram;34
958;monitor;41
959;klavye;48
960;hdd;6
961;fdd;13
962;cdrom;10
963;ddrom;27
964;ram;34
965;monitor;41
966;klavye;48
967;hdd;6
968;fdd;13
969;cdrom;10
970;ddrom;27
971;ram;34
972;monitor;41
973;klavye;48
974;hdd;6
975;fdd;13
976;cdrom;10
977;ddrom;27
978;ram;34
979;monitor;41
980;klavye;48
981;hdd;6
982;fdd;13
983;cdrom;10
984;ddrom;27
985;ram;34
986;monitor;41
987;klavye;48
988;hdd;6
989;fdd;13
990;cdrom;10
991;ddrom;27
992;ram;34
993;monitor;41
994;klavye;48
995;hdd;6
996;fdd;13
997;cdrom;10
998;ddrom;27
999;ram;34
1000;monitor;41
1001;klavye;48
1002;hdd;6
1003;fdd;13
1004;cdrom;10
1005;ddrom;27
1006;ram;34
1007;monitor;41
1008;klavye;48
1009;hdd;6
1010;fdd;13
1011;cdrom;10
1012;ddrom;27
1013;ram;34
1014;monitor;41
1015;klavye;48
1016;hdd;6
1017;fdd;13
1018;cdrom;10
1019;ddrom;27
1020;ram;34
1021;monitor;41
1022;klavye;48
1023;hdd;6
1024;fdd;13
1025;cdrom;10
1026;ddrom;27
1027;ram;34
1028;monitor;41
1029;klavye;48
1030;hdd;6
1031;fdd;13
1032;cdrom;10
1033;ddrom;27
1034;ram;34
1035;monitor;41
1036;klavye;48
1037;hdd;6
1038;fdd;13
1039;cdrom;10
1040;ddrom;27
1041;ram;34
1042;monitor;41
1043;klavye;48
1044;hdd;6
1045;fdd;13
1046;cdrom;10
1047;ddrom;27
1048;ram;34
1049;monitor;41
1050;klavye;48
1051;hdd;6
1052;fdd;13
1053;cdrom;10
1054;ddrom;27
1055;ram;34
1056;monitor;41
1057;klavye;48
1058;hdd;6
1059;fdd;13
1060;cdrom;10
1061;ddrom;27
1062;ram;34
1063;monitor;41
1064;klavye;48
1065;hdd;6
1066;fdd;13
1067;cdrom;10
1068;ddrom;27
1069;ram;34
1070;monitor;41
1071;klavye;48
1072;hdd;6
1073;fdd;13
1074;cdrom;10
1075;ddrom;27
1076;ram;34
1077;monitor;41
1078;klavye;48
1079;hdd;6
1080;fdd;13
1081;cdrom;10
1082;ddrom;27
1083;ram;34
1084;monitor;41
1085;klavye;48
1086;hdd;6
1087;fdd;13
1088;cdrom;10
1089;ddrom;27
1090;ram;34
1091;monitor;41
1092;klavye;48
1093;hdd;6
1094;fdd;13
1095;cdrom;10
1096;ddrom;27
1097;ram;34
1098;monitor;41
1099;klavye;48
1100;hdd;6
1101;fdd;13
1102;cdrom;10
1103;ddrom;27
1104;ram;34
1105;monitor;41
1106;klavye;48
1107;hdd;6
1108;fdd;13
1109;cdrom;10
1110;ddrom;27
1111;ram;34
1112;monitor;41
1113;klavye;48
1114;hdd;6
1115;fdd;13
1116;cdrom;10
1117;ddrom;27
1118;ram;34
1119;monitor;41
1120;klavye;48
1121;hdd;6
1122;fdd;13
1123;cdrom;10
1124;ddrom;27
1125;ram;34
1126;monitor;41
1127;klavye;48
1128;hdd;6
1129;fdd;13
1130;cdrom;10
1131;ddrom;27
1132;ram;34
1133;monitor;41
1134;klavye;48
1135;hdd;6
1136;fdd;13
1137;cdrom;10
1138;ddrom;27
1139;ram;34
1140;monitor;41
1141;klavye;48
1142;hdd;6
1143;fdd;13
1144;cdrom;10
1145;ddrom;27
1146;ram;34
1147;monitor;41
1148;klavye;48
1149;hdd;6
1150;fdd;13
1151;cdrom;10
1152;ddrom;27
1153;ram;34
1154;monitor;41
1155;klavye;48
1156;hdd;6
1157;fdd;13
1158;cdrom;10
1159;ddrom;27
1160;ram;34
1161;monitor;41
1162;klavye;48
1163;hdd;6
1164;fdd;13
1165;cdrom;10
1166;ddrom;27
1167;ram;34
1168;monitor;41
1169;klavye;48
1170;hdd;6
1171;fdd;13
1172;cdrom;10
1173;ddrom;27
1174;ram;34
1175;monitor;41
1176;klavye;48
1177;hdd;6
1178;fdd;13
1179;cdrom;10
1180;ddrom;27
1181;ram;34
1182;monitor;41
1183;klavye;48
1184;hdd;6
1185;fdd;13
1186;cdrom;10
1187;ddrom;27
1188;ram;34
1189;monitor;41
1190;klavye;48
1191;hdd;6
1192;fdd;13
1193;cdrom;10
1194;ddrom;27
1195;ram;34
1196;monitor;41
1197;klavye;48
1198;hdd;6
1199;fdd;13
1200;cdrom;10
1201;ddrom;27
1202;ram;34
1203;monitor;41
1204;klavye;48
1205;hdd;6
1206;fdd;13
1207;cdrom;10
1208;ddrom;27
1209;ram;34
1210;monitor;41
1211;klavye;48
1212;hdd;6
1213;fdd;13
1214;cdrom;10
1215;ddrom;27
1216;ram;34
1217;monitor;41
1218;klavye;48
1219;hdd;6
1220;fdd;13
1221;cdrom;10
1222;ddrom;27
1223;ram;34
1224;monitor;41
1225;klavye;48
1226;hdd;6
1227;fdd;13
1228;cdrom;10
1229;ddrom;27
1230;ram;34
1231;monitor;41
1232;klavye;48
1233;hdd;6
1234;fdd;13
1235;cdrom;10
1236;ddrom;27
1237;ram;34
1238;monitor;41
1239;klavye;48
1240;hdd;6
1241;fdd;13
1242;cdrom;10
1243;ddrom;27
1244;ram;34
1245;monitor;41
1246;klavye;48
1247;hdd;6
1248;fdd;13
1249;cdrom;10
1250;ddrom;27
1251;ram;34
1252;monitor;41
1253;klavye;48
1254;hdd;6
1255;fdd;13
1256;cdrom;10
1257;ddrom;27
1258;ram;34
1259;monitor;41
1260;klavye;48
1261;hdd;6
1262;fdd;13
1263;cdrom;10
1264;ddrom;27
1265;ram;34
1266;monitor;41
1267;klavye;48
1268;hdd;6
1269;fdd;13
1270;cdrom;10
1271;ddrom;27
1272;ram;34
1273;monitor;41
1274;klavye;48
1275;hdd;6
1276;fdd;13
1277;cdrom;10
1278;ddrom;27
1279;ram;34
1280;monitor;41
1281;klavye;48
1282;hdd;6
1283;fdd;13
1284;cdrom;10
1285;ddrom;27
1286;ram;34
1287;monitor;41
1288;klavye;48
1289;hdd;6
1290;fdd;13
1291;cdrom;10
1292;ddrom;27
1293;ram;34
1294;monitor;41
1295;klavye;48
1296;hdd;6
1297;fdd;13
1298;cdrom;10
1299;ddrom;27
1300;ram;34
1301;monitor;41
1302;klavye;48
1303;hdd;6
1304;fdd;13
1305;cdrom;10
1306;ddrom;27
1307;ram;34
1308;monitor;41
1309;klavye;48
1310;hdd;6
1311;fdd;13
1312;cdrom;10
1313;ddrom;27
1314;ram;34
1315;monitor;41
1316;klavye;48
1317;hdd;6
1318;fdd;13
1319;cdrom;10
1320;ddrom;27
1321;ram;34
1322;monitor;41
1323;klavye;48
1324;hdd;6
1325;fdd;13
1326;cdrom;10
1327;ddrom;27
1328;ram;34
1329;monitor;41
1330;klavye;48
1331;hdd;6
1332;fdd;13
1333;cdrom;10
1334;ddrom;27
1335;ram;34
1336;monitor;41
1337;klavye;48
1338;hdd;6
1339;fdd;13
1340;cdrom;10
1341;ddrom;27
1342;ram;34
1343;monitor;41
1344;klavye;48
1345;hdd;6
1346;fdd;13
1347;cdrom;10
1348;ddrom;27
1349;ram;34
1350;monitor;41
1351;klavye;48
1352;hdd;6
1353;fdd;13
1354;cdrom;10
1355;ddrom;27
1356;ram;34
1357;monitor;41
1358;klavye;48
1359;hdd;6
1360;fdd;13
1361;cdrom;10
1362;ddrom;27
1363;ram;34
1364;monitor;41
1365;klavye;48
1366;hdd;6
1367;fdd;13
1368;cdrom;10
1369;ddrom;27
1370;ram;34
1371;monitor;41
1372;klavye;48
1373;hdd;6
1374;fdd;13
1375;cdrom;10
1376;ddrom;27
1377;ram;34
1378;monitor;41
1379;klavye;48
1380;hdd;6
1381;fdd;13
1382;cdrom;10
1383;ddrom;27
1384;ram;34
1385;monitor;41
1386;klavye;48
1387;hdd;6
1388;fdd;13
1389;cdrom;10
1390;ddrom;27
1391;ram;34
1392;monitor;41
1393;klavye;48
1394;hdd;6
1395;fdd;13
1396;cdrom;10
1397;ddrom;27
1398;ram;34
1399;monitor;41
1400;klavye;48
1401;hdd;6
1402;fdd;13
1403;cdrom;10
1404;ddrom;27
1405;ram;34
1406;monitor;41
1407;klavye;48
1408;hdd;6
1409;fdd;13
1410;cdrom;10
1411;ddrom;27
1412;ram;34
1413;monitor;41
1414;klavye;48
1415;hdd;6
1416;fdd;13
1417;cdrom;10
1418;ddrom;27
1419;ram;34
1420;monitor;41
1421;klavye;48
1422;hdd;6
1423;fdd;13
1424;cdrom;10
1425;ddrom;27
1426;ram;34
1427;monitor;41
1428;klavye;48
1429;hdd;6
1430;fdd;13
1431;cdrom;10
1432;ddrom;27
1433;ram;34
1434;monitor;41
1435;klavye;48
1436;hdd;6
1437;fdd;13
1438;cdrom;10
1439;ddrom;27
1440;ram;34
1441;monitor;41
1442;klavye;48
1443;hdd;6
1444;fdd;13
1445;cdrom;10
1446;ddrom;27
1447;ram;34
1448;monitor;41
1449;klavye;48
1450;hdd;6
1451;fdd;13
1452;cdrom;10
1453;ddrom;27
1454;ram;34
1455;monitor;41
1456;klavye;48
1457;hdd;6
1458;fdd;13
1459;cdrom;10
1460;ddrom;27
1461;ram;34
1462;monitor;41
1463;klavye;48
1464;hdd;6
1465;fdd;13
1466;cdrom;10
1467;ddrom;27
1468;ram;34
1469;monitor;41
1470;klavye;48
1471;hdd;6
1472;fdd;13
1473;cdrom;10
1474;ddrom;27
1475;ram;34
1476;monitor;41
1477;klavye;48
1478;hdd;6
1479;fdd;13
1480;cdrom;10
1481;ddrom;27
1482;ram;34
1483;monitor;41
1484;klavye;48
1485;hdd;6
1486;fdd;13
1487;cdrom;10
1488;ddrom;27
1489;ram;34
1490;monitor;41
1491;klavye;48
1492;hdd;6
1493;fdd;13
1494;cdrom;10
1495;ddrom;27
1496;ram;34
1497;monitor;41
1498;klavye;48
1499;hdd;6
1500;fdd;13
1501;cdrom;10
1502;ddrom;27
1503;ram;34
1504;monitor;41
1505;klavye;48
1506;hdd;6
1507;fdd;13
1508;cdrom;10
1509;ddrom;27
1510;ram;34
1511;monitor;41
1512;klavye;48
1513;hdd;6
1514;fdd;13
1515;cdrom;10
1516;ddrom;27
1517;ram;34
1518;monitor;41
1519;klavye;48
1520;hdd;6
1521;fdd;13
1522;cdrom;10
1523;ddrom;27
1524;ram;34
1525;monitor;41
1526;klavye;48
1527;hdd;6
1528;fdd;13
1529;cdrom;10
1530;ddrom;27
1531;ram;34
1532;monitor;41
1533;klavye;48
1534;hdd;6
1535;fdd;13
1536;cdrom;10
1537;ddrom;27
1538;ram;34
1539;monitor;41
1540;klavye;48
1541;hdd;6
1542;fdd;13
1543;cdrom;10
1544;ddrom;27
1545;ram;34
1546;monitor;41
1547;klavye;48
1548;hdd;6
1549;fdd;13
1550;cdrom;10
1551;ddrom;27
1552;ram;34
1553;monitor;41
1554;klavye;48
1555;hdd;6
1556;fdd;13
1557;cdrom;10
1558;ddrom;27
1559;ram;34
1560;monitor;41
1561;klavye;48
1562;hdd;6
1563;fdd;13
1564;cdrom;10
1565;ddrom;27
1566;ram;34
1567;monitor;41
1568;klavye;48
1569;hdd;6
1570;fdd;13
1571;cdrom;10
1572;ddrom;27
1573;ram;34
1574;monitor;41
1575;klavye;48
1576;hdd;6
1577;fdd;13
1578;cdrom;10
1579;ddrom;27
1580;ram;34
1581;monitor;41
1582;klavye;48
1583;hdd;6
1584;fdd;13
1585;cdrom;10
1586;ddrom;27
1587;ram;34
1588;monitor;41
1589;klavye;48
1590;hdd;6
1591;fdd;13
1592;cdrom;10
1593;ddrom;27
1594;ram;34
1595;monitor;41
1596;klavye;48
1597;hdd;6
1598;fdd;13
1599;cdrom;10
1600;ddrom;27
1601;ram;34
1602;monitor;41
1603;klavye;48
1604;hdd;6
1605;fdd;13
1606;cdrom;10
1607;ddrom;27
1608;ram;34
1609;monitor;41
1610;klavye;48
1611;hdd;6
1612;fdd;13
1613;cdrom;10
1614;ddrom;27
1615;ram;34
1616;monitor;41
1617;klavye;48
1618;hdd;6
1619;fdd;13
1620;cdrom;10
1621;ddrom;27
1622;ram;34
1623;monitor;41
1624;klavye;48
1625;hdd;6
1626;fdd;13
1627;cdrom;10
1628;ddrom;27
1629;ram;34
1630;monitor;41
1631;klavye;48
1632;hdd;6
1633;fdd;13
1634;cdrom;10
1635;ddrom;27
1636;ram;34
1637;monitor;41
1638;klavye;48
1639;hdd;6
1640;fdd;13
1641;cdrom;10
1642;ddrom;27
1643;ram;34
1644;monitor;41
1645;klavye;48
1646;hdd;6
1647;fdd;13
1648;cdrom;10
1649;ddrom;27
1650;ram;34
1651;monitor;41
1652;klavye;48
1653;hdd;6
1654;fdd;13
1655;cdrom;10
1656;ddrom;27
1657;ram;34
1658;monitor;41
1659;klavye;48
1660;hdd;6
1661;fdd;13
1662;cdrom;10
1663;ddrom;27
1664;ram;34
1665;monitor;41
1666;klavye;48
1667;hdd;6
1668;fdd;13
1669;cdrom;10
1670;ddrom;27
1671;ram;34
1672;monitor;41
1673;klavye;48
1674;hdd;6
1675;fdd;13
1676;cdrom;10
1677;ddrom;27
1678;ram;34
1679;monitor;41
1680;klavye;48
1681;hdd;6
1682;fdd;13
1683;cdrom;10
1684;ddrom;27
1685;ram;34
1686;monitor;41
1687;klavye;48
1688;hdd;6
1689;fdd;13
1690;cdrom;10
1691;ddrom;27
1692;ram;34
1693;monitor;41
1694;klavye;48
1695;hdd;6
1696;fdd;13
1697;cdrom;10
1698;ddrom;27
1699;ram;34
1700;monitor;41
1701;klavye;48
1702;hdd;6
1703;fdd;13
1704;cdrom;10
1705;ddrom;27
1706;ram;34
1707;monitor;41
1708;klavye;48
1709;hdd;6
1710;fdd;13
1711;cdrom;10
1712;ddrom;27
1713;ram;34
1714;monitor;41
1715;klavye;48
1716;hdd;6
1717;fdd;13
1718;cdrom;10
1719;ddrom;27
1720;ram;34
1721;monitor;41
1722;klavye;48
1723;hdd;6
1724;fdd;13
1725;cdrom;10
1726;ddrom;27
1727;ram;34
1728;monitor;41
1729;klavye;48
1730;hdd;6
1731;fdd;13
1732;cdrom;10
1733;ddrom;27
1734;ram;34
1735;monitor;41
1736;klavye;48
1737;hdd;6
1738;fdd;13
1739;cdrom;10
1740;ddrom;27
1741;ram;34
1742;monitor;41
1743;klavye;48
1744;hdd;6
1745;fdd;13
1746;cdrom;10
1747;ddrom;27
1748;ram;34
1749;monitor;41
1750;klavye;48
1751;hdd;6
1752;fdd;13
1753;cdrom;10
1754;ddrom;27
1755;ram;34
1756;monitor;41
1757;klavye;48
1758;hdd;6
1759;fdd;13
1760;cdrom;10
1761;ddrom;27
1762;ram;34
1763;monitor;41
1764;klavye;48
1765;hdd;6
1766;fdd;13
1767;cdrom;10
1768;ddrom;27
1769;ram;34
1770;monitor;41
1771;klavye;48
1772;hdd;6
1773;fdd;13
1774;cdrom;10
1775;ddrom;27
1776;ram;34
1777;monitor;41
1778;klavye;48
1779;hdd;6
1780;fdd;13
1781;cdrom;10
1782;ddrom;27
1783;ram;34
1784;monitor;41
1785;klavye;48
1786;hdd;6
1787;fdd;13
1788;cdrom;10
1789;ddrom;27
1790;ram;34
1791;monitor;41
1792;klavye;48
1793;hdd;6
1794;fdd;13
1795;cdrom;10
1796;ddrom;27
1797;ram;34
1798;monitor;41
1799;klavye;48
1800;hdd;6
1801;fdd;13
1802;cdrom;10
1803;ddrom;27
1804;ram;34
1805;monitor;41
1806;klavye;48
1807;hdd;6
1808;fdd;13
1809;cdrom;10
1810;ddrom;27
1811;ram;34
1812;monitor;41
1813;klavye;48
1814;hdd;6
1815;fdd;13
1816;cdrom;10
1817;ddrom;27
1818;ram;34
1819;monitor;41
1820;klavye;48
1821;hdd;6
1822;fdd;13
1823;cdrom;10
1824;ddrom;27
1825;ram;34
1826;monitor;41
1827;klavye;48
1828;hdd;6
1829;fdd;13
1830;cdrom;10
1831;ddrom;27
1832;ram;34
1833;monitor;41
1834;klavye;48
1835;hdd;6
1836;fdd;13
1837;cdrom;10
1838;ddrom;27
1839;ram;34
1840;monitor;41
1841;klavye;48
1842;hdd;6
1843;fdd;13
1844;cdrom;10
1845;ddrom;27
1846;ram;34
1847;monitor;41
1848;klavye;48
1849;hdd;6
1850;fdd;13
1851;cdrom;10
1852;ddrom;27
1853;ram;34
1854;monitor;41
1855;klavye;48
1856;hdd;6
1857;fdd;13
1858;cdrom;10
1859;ddrom;27
1860;ram;34
1861;monitor;41
1862;klavye;48
1863;hdd;6
1864;fdd;13
1865;cdrom;10
1866;ddrom;27
1867;ram;34
1868;monitor;41
1869;klavye;48
1870;hdd;6
1871;fdd;13
1872;cdrom;10
1873;ddrom;27
1874;ram;34
1875;monitor;41
1876;klavye;48
1877;hdd;6
1878;fdd;13
1879;cdrom;10
1880;ddrom;27
1881;ram;34
1882;monitor;41
1883;klavye;48
1884;hdd;6
1885;fdd;13
1886;cdrom;10
1887;ddrom;27
1888;ram;34
1889;monitor;41
1890;klavye;48
1891;hdd;6
1892;fdd;13
1893;cdrom;10
1894;ddrom;27
1895;ram;34
1896;monitor;41
1897;klavye;48
1898;hdd;6
1899;fdd;13
1900;cdrom;10
1901;ddrom;27
1902;ram;34
1903;monitor;41
1904;klavye;48
1905;hdd;6
1906;fdd;13
1907;cdrom;10
1908;ddrom;27
1909;ram;34
1910;monitor;41
1911;klavye;48
1912;hdd;6
1913;fdd;13
1914;cdrom;10
1915;ddrom;27
1916;ram;34
1917;monitor;41
1918;klavye;48
1919;hdd;6
1920;fdd;13
1921;cdrom;10
1922;ddrom;27
1923;ram;34
1924;monitor;41
1925;klavye;48
1926;hdd;6
1927;fdd;13
1928;cdrom;10
1929;ddrom;27
1930;ram;34
1931;monitor;41
1932;klavye;48
1933;hdd;6
1934;fdd;13
1935;cdrom;10
1936;ddrom;27
1937;ram;34
1938;monitor;41
1939;klavye;48
1940;hdd;6
1941;fdd;13
1942;cdrom;10
1943;ddrom;27
1944;ram;34
1945;monitor;41
1946;klavye;48
1947;hdd;6
1948;fdd;13
1949;cdrom;10
1950;ddrom;27
1951;ram;34
1952;monitor;41
1953;klavye;48
1954;hdd;6
1955;fdd;13
1956;cdrom;10
1957;ddrom;27
1958;ram;34
1959;monitor;41
1960;klavye;48
1961;hdd;6
1962;fdd;13
1963;cdrom;10
1964;ddrom;27
1965;ram;34
1966;monitor;41
1967;klavye;48
1968;hdd;6
1969;fdd;13
1970;cdrom;10
1971;ddrom;27
1972;ram;34
1973;monitor;41
1974;klavye;48
1975;hdd;6
1976;fdd;13
1977;cdrom;10
1978;ddrom;27
1979;ram;34
1980;monitor;41
1981;klavye;48
1982;hdd;6
1983;fdd;13
1984;cdrom;10
1985;ddrom;27
1986;ram;34
1987;monitor;41
1988;klavye;48
1989;hdd;6
1990;fdd;13
1991;cdrom;10
1992;ddrom;27
1993;ram;34
1994;monitor;41
1995;klavye;48
1996;hdd;6
1997;fdd;13
1998;cdrom;10
1999;ddrom;27
2000;ram;34
2001;monitor;41
2002;klavye;48
2003;hdd;6
2004;fdd;13
2005;cdrom;10
2006;ddrom;27
2007;ram;34
2008;monitor;41
2009;klavye;48
2010;hdd;6
2011;fdd;13
2012;cdrom;10
2013;ddrom;27
2014;ram;34
2015;monitor;41
2016;klavye;48
2017;hdd;6
2018;fdd;13
2019;cdrom;10
2020;ddrom;27
2021;ram;34
2022;monitor;41
2023;klavye;48
2024;hdd;6
2025;fdd;13
2026;cdrom;10
2027;ddrom;27
2028;ram;34
2029;monitor;41
2030;klavye;48
2031;hdd;6
2032;fdd;13
2033;cdrom;10
2034;ddrom;27
2035;ram;34
2036;monitor;41
2037;klavye;48
2038;hdd;6
2039;fdd;13
2040;cdrom;10
2041;ddrom;27
2042;ram;34
2043;monitor;41
2044;klavye;48
2045;hdd;6
2046;fdd;13
2047;cdrom;10
2048;ddrom;27
2049;ram;34
2050;monitor;41
2051;klavye;48
2052;hdd;6
2053;fdd;13
2054;cdrom;10
2055;ddrom;27
2056;ram;34
2057;monitor;41
2058;klavye;48
2059;hdd;6
2060;fdd;13
2061;cdrom;10
2062;ddrom;27
2063;ram;34
2064;monitor;41
2065;klavye;48
2066;hdd;6
2067;fdd;13
2068;cdrom;10
2069;ddrom;27
2070;ram;34
2071;monitor;41
2072;klavye;48
2073;hdd;6
2074;fdd;13
2075;cdrom;10
2076;ddrom;27
2077;ram;34
2078;monitor;41
2079;klavye;48
2080;hdd;6
2081;fdd;13
2082;cdrom;10
2083;ddrom;27
2084;ram;34
2085;monitor;41
2086;klavye;48
2087;hdd;6
2088;fdd;13
2089;cdrom;10
2090;ddrom;27
2091;ram;34
2092;monitor;41
2093;klavye;48
2094;hdd;6
2095;fdd;13
2096;cdrom;10
2097;ddrom;27
2098;ram;34
2099;monitor;41
2100;klavye;48
2101;hdd;6
2102;fdd;13
2103;cdrom;10
2104;ddrom;27
2105;ram;34
2106;monitor;41
2107;klavye;48
2108;hdd;6
2109;fdd;13
2110;cdrom;10
2111;ddrom;27
2112;ram;34
2113;monitor;41
2114;klavye;48
2115;hdd;6
2116;fdd;13
2117;cdrom;10
2118;ddrom;27
2119;ram;34
2120;monitor;41
2121;klavye;48
2122;hdd;6
2123;fdd;13
2124;cdrom;10
2125;ddrom;27
2126;ram;34
2127;monitor;41
2128;klavye;48
2129;hdd;6
2130;fdd;13
2131;cdrom;10
2132;ddrom;27
2133;ram;34
2134;monitor;41
2135;klavye;48
2136;hdd;6
2137;fdd;13
2138;cdrom;10
2139;ddrom;27
2140;ram;34
2141;monitor;41
2142;klavye;48
2143;hdd;6
2144;fdd;13
2145;cdrom;10
2146;ddrom;27
2147;ram;34
2148;monitor;41
2149;klavye;48
2150;hdd;6
2151;fdd;13
2152;cdrom;10
2153;ddrom;27
2154;ram;34
2155;monitor;41
2156;klavye;48
2157;hdd;6
2158;fdd;13
2159;cdrom;10
2160;ddrom;27
2161;ram;34
2162;monitor;41
2163;klavye;48
2164;hdd;6
2165;fdd;13
2166;cdrom;10
2167;ddrom;27
2168;ram;34
2169;monitor;41
2170;klavye;48
2171;hdd;6
2172;fdd;13
2173;cdrom;10
2174;ddrom;27
2175;ram;34
2176;monitor;41
2177;klavye;48
2178;hdd;6
2179;fdd;13
2180;cdrom;10
2181;ddrom;27
2182;ram;34
2183;monitor;41
2184;klavye;48
2185;hdd;6
2186;fdd;13
2187;cdrom;10
2188;ddrom;27
2189;ram;34
2190;monitor;41
2191;klavye;48
2192;hdd;6
2193;fdd;13
2194;cdrom;10
2195;ddrom;27
2196;ram;34
2197;monitor;41
2198;klavye;48
2199;hdd;6
2200;fdd;13
2201;cdrom;10
2202;ddrom;27
2203;ram;34
2204;monitor;41
2205;klavye;48
2206;hdd;6
2207;fdd;13
2208;cdrom;10
2209;ddrom;27
2210;ram;34
2211;monitor;41
2212;klavye;48
2213;hdd;6
2214;fdd;13
2215;cdrom;10
2216;ddrom;27
2217;ram;34
2218;monitor;41
2219;klavye;48
2220;hdd;6
2221;fdd;13
2222;cdrom;10
2223;ddrom;27
2224;ram;34
2225;monitor;41
2226;klavye;48
2227;hdd;6
2228;fdd;13
2229;cdrom;10
2230;ddrom;27
2231;ram;34
2232;monitor;41
2233;klavye;48
2234;hdd;6
2235;fdd;13
2236;cdrom;10
2237;ddrom;27
2238;ram;34
2239;monitor;41
2240;klavye;48
2241;hdd;6
2242;fdd;13
2243;cdrom;10
2244;ddrom;27
2245;ram;34
2246;monitor;41
2247;klavye;48
2248;hdd;6
2249;fdd;13
2250;cdrom;10
2251;ddrom;27
2252;ram;34
2253;monitor;41
2254;klavye;48
2255;hdd;6
2256;fdd;13
2257;cdrom;10
2258;ddrom;27
2259;ram;34
2260;monitor;41
2261;klavye;48
2262;hdd;6
2263;fdd;13
2264;cdrom;10
2265;ddrom;27
2266;ram;34
2267;monitor;41
2268;klavye;48
2269;hdd;6
2270;fdd;13
2271;cdrom;10
2272;ddrom;27
2273;ram;34
2274;monitor;41
2275;klavye;48
2276;hdd;6
2277;fdd;13
2278;cdrom;10
2279;ddrom;27
2280;ram;34
2281;monitor;41
2282;klavye;48
2283;hdd;6
2284;fdd;13
2285;cdrom;10
2286;ddrom;27
2287;ram;34
2288;monitor;41
2289;klavye;48
2290;hdd;6
2291;fdd;13
2292;cdrom;10
2293;ddrom;27
2294;ram;34
2295;monitor;41
2296;klavye;48
2297;hdd;6
2298;fdd;13
2299;cdrom;10
2300;ddrom;27
2301;ram;34
2302;monitor;41
2303;klavye;48
2304;hdd;6
2305;fdd;13
2306;cdrom;10
2307;ddrom;27
2308;ram;34
2309;monitor;41
2310;klavye;48
2311;hdd;6
2312;fdd;13
2313;cdrom;10
2314;ddrom;27
2315;ram;34
2316;monitor;41
2317;klavye;48
2318;hdd;6
2319;fdd;13
2320;cdrom;10
2321;ddrom;27
2322;ram;34
2323;monitor;41
2324;klavye;48
2325;hdd;6
2326;fdd;13
2327;cdrom;10
2328;ddrom;27
2329;ram;34
2330;monitor;41
2331;klavye;48
2332;hdd;6
2333;fdd;13
2334;cdrom;10
2335;ddrom;27
2336;ram;34
2337;monitor;41
2338;klavye;48
2339;hdd;6
2340;fdd;13
2341;cdrom;10
2342;ddrom;27
2343;ram;34
2344;monitor;41
2345;klavye;48
2346;hdd;6
2347;fdd;13
2348;cdrom;10
2349;ddrom;27
2350;ram;34
2351;monitor;41
2352;klavye;48
2353;hdd;6
2354;fdd;13
2355;cdrom;10
2356;ddrom;27
2357;ram;34
2358;monitor;41
2359;klavye;48
2360;hdd;6
2361;fdd;13
2362;cdrom;10
2363;ddrom;27
2364;ram;34
2365;monitor;41
2366;klavye;48
2367;hdd;6
2368;fdd;13
2369;cdrom;10
2370;ddrom;27
2371;ram;34
2372;monitor;41
2373;klavye;48
2374;hdd;6
2375;fdd;13
2376;cdrom;10
2377;ddrom;27
2378;ram;34
2379;monitor;41
2380;klavye;48
2381;hdd;6
2382;fdd;13
2383;cdrom;10
2384;ddrom;27
2385;ram;34
2386;monitor;41
2387;klavye;48
2388;hdd;6
2389;fdd;13
2390;cdrom;10
2391;ddrom;27
2392;ram;34
2393;monitor;41
2394;klavye;48
2395;hdd;6
2396;fdd;13
2397;cdrom;10
2398;ddrom;27
2399;ram;34
2400;monitor;41
2401;klavye;48
2402;hdd;6
2403;fdd;13
2404;cdrom;10
2405;ddrom;27
2406;ram;34
2407;monitor;41
2408;klavye;48
2409;hdd;6
2410;fdd;13
2411;cdrom;10
2412;ddrom;27
2413;ram;34
2414;monitor;41
2415;klavye;48
2416;hdd;6
2417;fdd;13
2418;cdrom;10
2419;ddrom;27
2420;ram;34
2421;monitor;41
2422;klavye;48
2423;hdd;6
2424;fdd;13
2425;cdrom;10
2426;ddrom;27
2427;ram;34
2428;monitor;41
2429;klavye;48
2430;hdd;6
2431;fdd;13
2432;cdrom;10
2433;ddrom;27
2434;ram;34
2435;monitor;41
2436;klavye;48
2437;hdd;6
2438;fdd;13
2439;cdrom;10
2440;ddrom;27
2441;ram;34
2442;monitor;41
2443;klavye;48
2444;hdd;6
2445;fdd;13
2446;cdrom;10
2447;ddrom;27
2448;ram;34
2449;monitor;41
2450;klavye;48
2451;hdd;6
2452;fdd;13
2453;cdrom;10
2454;ddrom;27
2455;ram;34
2456;monitor;41
2457;klavye;48
2458;hdd;6
2459;fdd;13
2460;cdrom;10
2461;ddrom;27
2462;ram;34
2463;monitor;41
2464;klavye;48
2465;hdd;6
2466;fdd;13
2467;cdrom;10
2468;ddrom;27
2469;ram;34
2470;monitor;41
2471;klavye;48
2472;hdd;6
2473;fdd;13
2474;cdrom;10
2475;ddrom;27
2476;ram;34
2477;monitor;41
2478;klavye;48
2479;hdd;6
2480;fdd;13
2481;cdrom;10
2482;ddrom;27
2483;ram;34
2484;monitor;41
2485;klavye;48
2486;hdd;6
2487;fdd;13
2488;cdrom;10
2489;ddrom;27
2490;ram;34
2491;monitor;41
2492;klavye;48
2493;hdd;6
2494;fdd;13
2495;cdrom;10
2496;ddrom;27
2497;ram;34
2498;monitor;41
2499;klavye;48
2500;hdd;6
2501;fdd;13
2502;cdrom;10
2503;ddrom;27
2504;ram;34
2505;monitor;41
2506;klavye;48
2507;hdd;6
2508;fdd;13
2509;cdrom;10
2510;ddrom;27
2511;ram;34
2512;monitor;41
2513;klavye;48
2514;hdd;6
2515;fdd;13
2516;cdrom;10
2517;ddrom;27
2518;ram;34
2519;monitor;41
2520;klavye;48
2521;hdd;6
2522;fdd;13
2523;cdrom;10
2524;ddrom;27
2525;ram;34
2526;monitor;41
2527;klavye;48
2528;hdd;6
2529;fdd;13
2530;cdrom;10
2531;ddrom;27
2532;ram;34
2533;monitor;41
2534;klavye;48
2535;hdd;6
2536;fdd;13
2537;cdrom;10
2538;ddrom;27
2539;ram;34
2540;monitor;41
2541;klavye;48
2542;hdd;6
2543;fdd;13
2544;cdrom;10
2545;ddrom;27
2546;ram;34
2547;monitor;41
2548;klavye;48
2549;hdd;6
2550;fdd;13
2551;cdrom;10
2552;ddrom;27
2553;ram;34
2554;monitor;41
2555;klavye;48
2556;hdd;6
2557;fdd;13
2558;cdrom;10
2559;ddrom;27
2560;ram;34
2561;monitor;41
2562;klavye;48
2563;hdd;6
2564;fdd;13
2565;cdrom;10
2566;ddrom;27
2567;ram;34
2568;monitor;41
2569;klavye;48
2570;hdd;6
2571;fdd;13
2572;cdrom;10
2573;ddrom;27
2574;ram;34
2575;monitor;41
2576;klavye;48
2577;hdd;6
2578;fdd;13
2579;cdrom;10
2580;ddrom;27
2581;ram;34
2582;monitor;41
2583;klavye;48
2584;hdd;6
2585;fdd;13
2586;cdrom;10
2587;ddrom;27
2588;ram;34
2589;monitor;41
2590;klavye;48
2591;hdd;6
2592;fdd;13
2593;cdrom;10
2594;ddrom;27
2595;ram;34
2596;monitor;41
2597;klavye;48
2598;hdd;6
2599;fdd;13
2600;cdrom;10
2601;ddrom;27
2602;ram;34
2603;monitor;41
2604;klavye;48
2605;hdd;6
2606;fdd;13
2607;cdrom;10
2608;ddrom;27
2609;ram;34
2610;monitor;41
2611;klavye;48
2612;hdd;6
2613;fdd;13
2614;cdrom;10
2615;ddrom;27
2616;ram;34
2617;monitor;41
2618;klavye;48
2619;hdd;6
2620;fdd;13
2621;cdrom;10
2622;ddrom;27
2623;ram;34
2624;monitor;41
2625;klavye;48
2626;hdd;6
2627;fdd;13
2628;cdrom;10
2629;ddrom;27
2630;ram;34
2631;monitor;41
2632;klavye;48
2633;hdd;6
2634;fdd;13
2635;cdrom;10
2636;ddrom;27
2637;ram;34
2638;monitor;41
2639;klavye;48
2640;hdd;6
2641;fdd;13
2642;cdrom;10
2643;ddrom;27
2644;ram;34
2645;monitor;41
2646;klavye;48
2647;hdd;6
2648;fdd;13
2649;cdrom;10
2650;ddrom;27
2651;ram;34
2652;monitor;41
2653;klavye;48
2654;hdd;6
2655;fdd;13
2656;cdrom;10
2657;ddrom;27
2658;ram;34
2659;monitor;41
2660;klavye;48
2661;hdd;6
2662;fdd;13
2663;cdrom;10
2664;ddrom;27
2665;ram;34
2666;monitor;41
2667;klavye;48
2668;hdd;6
2669;fdd;13
2670;cdrom;10
2671;ddrom;27
2672;ram;34
2673;monitor;41
2674;klavye;48
2675;hdd;6
2676;fdd;13
2677;cdrom;10
2678;ddrom;27
2679;ram;34
2680;monitor;41
2681;klavye;48
2682;hdd;6
2683;fdd;13
2684;cdrom;10
2685;ddrom;27
2686;ram;34
2687;monitor;41
2688;klavye;48
2689;hdd;6
2690;fdd;13
2691;cdrom;10
2692;ddrom;27
2693;ram;34
2694;monitor;41
2695;klavye;48
2696;hdd;6
2697;fdd;13
2698;cdrom;10
2699;ddrom;27
2700;ram;34
2701;monitor;41
2702;klavye;48
2703;hdd;6
2704;fdd;13
2705;cdrom;10
2706;ddrom;27
2707;ram;34
2708;monitor;41
2709;klavye;48
2710;hdd;6
2711;fdd;13
2712;cdrom;10
2713;ddrom;27
2714;ram;34
2715;monitor;41
2716;klavye;48
2717;hdd;6
2718;fdd;13
2719;cdrom;10
2720;ddrom;27
2721;ram;34
2722;monitor;41
2723;klavye;48
2724;hdd;6
2725;fdd;13
2726;cdrom;10
2727;ddrom;27
2728;ram;34
2729;monitor;41
2730;klavye;48
2731;hdd;6
2732;fdd;13
2733;cdrom;10
2734;ddrom;27
2735;ram;34
2736;monitor;41
2737;klavye;48
2738;hdd;6
2739;fdd;13
2740;cdrom;10
2741;ddrom;27
2742;ram;34
2743;monitor;41
2744;klavye;48
2745;hdd;6
2746;fdd;13
2747;cdrom;10
2748;ddrom;27
2749;ram;34
2750;monitor;41
2751;klavye;48
2752;hdd;6
2753;fdd;13
2754;cdrom;10
2755;ddrom;27
2756;ram;34
2757;monitor;41
2758;klavye;48
2759;hdd;6
2760;fdd;13
2761;cdrom;10
2762;ddrom;27
2763;ram;34
2764;monitor;41
2765;klavye;48
2766;hdd;6
2767;fdd;13
2768;cdrom;10
2769;ddrom;27
2770;ram;34
2771;monitor;41
2772;klavye;48
2773;hdd;6
2774;fdd;13
2775;cdrom;10
2776;ddrom;27
2777;ram;34
2778;monitor;41
2779;klavye;48
2780;hdd;6
2781;fdd;13
2782;cdrom;10
2783;ddrom;27
2784;ram;34
2785;monitor;41
2786;klavye;48
2787;hdd;6
2788;fdd;13
2789;cdrom;10
2790;ddrom;27
2791;ram;34
2792;monitor;41
2793;klavye;48
2794;hdd;6
2795;fdd;13
2796;cdrom;10
2797;ddrom;27
2798;ram;34
2799;monitor;41
2800;klavye;48
2801;hdd;6
2802;fdd;13
2803;cdrom;10
2804;ddrom;27
2805;ram;34
2806;monitor;41
2807;klavye;48
2808;hdd;6
2809;fdd;13
2810;cdrom;10
2811;ddrom;27
2812;ram;34
2813;monitor;41
2814;klavye;48
2815;hdd;6
2816;fdd;13
2817;cdrom;10
2818;ddrom;27
2819;ram;34
2820;monitor;41
2821;klavye;48
2822;hdd;6
2823;fdd;13
2824;cdrom;10
2825;ddrom;27
2826;ram;34
2827;monitor;41
2828;klavye;48
2829;hdd;6
2830;fdd;13
2831;cdrom;10
2832;ddrom;27
2833;ram;34
2834;monitor;41
2835;klavye;48
2836;hdd;6
2837;fdd;13
2838;cdrom;10
2839;ddrom;27
2840;ram;34
2841;monitor;41
2842;klavye;48
2843;hdd;6
2844;fdd;13
2845;cdrom;10
2846;ddrom;27
2847;ram;34
2848;monitor;41
2849;klavye;48
2850;hdd;6
2851;fdd;13
2852;cdrom;10
2853;ddrom;27
2854;ram;34
2855;monitor;41
2856;klavye;48
2857;hdd;6
2858;fdd;13
2859;cdrom;10
2860;ddrom;27
2861;ram;34
2862;monitor;41
2863;klavye;48
2864;hdd;6
2865;fdd;13
2866;cdrom;10
2867;ddrom;27
2868;ram;34
2869;monitor;41
2870;klavye;48
2871;hdd;6
2872;fdd;13
2873;cdrom;10
2874;ddrom;27
2875;ram;34
2876;monitor;41
2877;klavye;48
2878;hdd;6
2879;fdd;13
2880;cdrom;10
2881;ddrom;27
2882;ram;34
2883;monitor;41
2884;klavye;48
2885;hdd;6
2886;fdd;13
2887;cdrom;10
2888;ddrom;27
2889;ram;34
2890;monitor;41
2891;klavye;48
2892;hdd;6
2893;fdd;13
2894;cdrom;10
2895;ddrom;27
2896;ram;34
2897;monitor;41
2898;klavye;48
2899;hdd;6
2900;fdd;13
2901;cdrom;10
2902;ddrom;27
2903;ram;34
2904;monitor;41
2905;klavye;48
2906;hdd;6
2907;fdd;13
2908;cdrom;10
2909;ddrom;27
2910;ram;34
2911;monitor;41
2912;klavye;48
2913;hdd;6
2914;fdd;13
2915;cdrom;10
2916;ddrom;27
2917;ram;34
2918;monitor;41
2919;klavye;48
2920;hdd;6
2921;fdd;13
2922;cdrom;10
2923;ddrom;27
2924;ram;34
2925;monitor;41
2926;klavye;48
2927;hdd;6
2928;fdd;13
2929;cdrom;10
2930;ddrom;27
2931;ram;34
2932;monitor;41
2933;klavye;48
2934;hdd;6
2935;fdd;13
2936;cdrom;10
2937;ddrom;27
2938;ram;34
2939;monitor;41
2940;klavye;48
2941;hdd;6
2942;fdd;13
2943;cdrom;10
2944;ddrom;27
2945;ram;34
2946;monitor;41
2947;klavye;48
2948;hdd;6
2949;fdd;13
2950;cdrom;10
2951;ddrom;27
2952;ram;34
2953;monitor;41
2954;klavye;48
2955;hdd;6
2956;fdd;13
2957;cdrom;10
2958;ddrom;27
2959;ram;34
2960;monitor;41
2961;klavye;48
2962;hdd;6
2963;fdd;13
2964;cdrom;10
2965;ddrom;27
2966;ram;34
2967;monitor;41
2968;klavye;48
2969;hdd;6
2970;fdd;13
2971;cdrom;10
2972;ddrom;27
2973;ram;34
2974;monitor;41
2975;klavye;48
2976;hdd;6
2977;fdd;13
2978;cdrom;10
2979;ddrom;27
2980;ram;34
2981;monitor;41
2982;klavye;48
2983;hdd;6
2984;fdd;13
2985;cdrom;10
2986;ddrom;27
2987;ram;34
2988;monitor;41
2989;klavye;48
2990;hdd;6
2991;fdd;13
2992;cdrom;10
2993;ddrom;27
2994;ram;34
2995;monitor;41
2996;klavye;48
2997;hdd;6
2998;fdd;13
2999;cdrom;10
3000;ddrom;27
3001;ram;34
3002;monitor;41
3003;klavye;48
3004;hdd;6
3005;fdd;13
3006;cdrom;10
3007;ddrom;27
3008;ram;34
3009;monitor;41
3010;klavye;48
3011;hdd;6
3012;fdd;13
3013;cdrom;10
3014;ddrom;27
3015;ram;34
3016;monitor;41
3017;klavye;48
3018;hdd;6
3019;fdd;13
3020;cdrom;10
3021;ddrom;27
3022;ram;34
3023;monitor;41
3024;klavye;48
3025;hdd;6
3026;fdd;13
3027;cdrom;10
3028;ddrom;27
3029;ram;34
3030;monitor;41
3031;klavye;48
3032;hdd;6
3033;fdd;13
3034;cdrom;10
3035;ddrom;27
3036;ram;34
3037;monitor;41
3038;klavye;48
3039;hdd;6
3040;fdd;13
3041;cdrom;10
3042;ddrom;27
3043;ram;34
3044;monitor;41
3045;klavye;48
3046;hdd;6
3047;fdd;13
3048;cdrom;10
3049;ddrom;27
3050;ram;34
3051;monitor;41
3052;klavye;48
3053;hdd;6
3054;fdd;13
3055;cdrom;10
3056;ddrom;27
3057;ram;34
3058;monitor;41
3059;klavye;48
3060;hdd;6
3061;fdd;13
3062;cdrom;10
3063;ddrom;27
3064;ram;34
3065;monitor;41
3066;klavye;48
3067;hdd;6
3068;fdd;13
3069;cdrom;10
3070;ddrom;27
3071;ram;34
3072;monitor;41
3073;klavye;48
3074;hdd;6
3075;fdd;13
3076;cdrom;10
3077;ddrom;27
3078;ram;34
3079;monitor;41
3080;klavye;48
3081;hdd;6
3082;fdd;13
3083;cdrom;10
3084;ddrom;27
3085;ram;34
3086;monitor;41
3087;klavye;48
3088;hdd;6
3089;fdd;13
3090;cdrom;10
3091;ddrom;27
3092;ram;34
3093;monitor;41
3094;klavye;48
3095;hdd;6
3096;fdd;13
3097;cdrom;10
3098;ddrom;27
3099;ram;34
3100;monitor;41
3101;klavye;48
3102;hdd;6
3103;fdd;13
3104;cdrom;10
3105;ddrom;27
3106;ram;34
3107;monitor;41
3108;klavye;48
3109;hdd;6
3110;fdd;13
3111;cdrom;10
3112;ddrom;27
3113;ram;34
3114;monitor;41
3115;klavye;48
3116;hdd;6
3117;fdd;13
3118;cdrom;10
3119;ddrom;27
3120;ram;34
3121;monitor;41
3122;klavye;48
3123;hdd;6
3124;fdd;13
3125;cdrom;10
3126;ddrom;27
3127;ram;34
3128;monitor;41
3129;klavye;48
3130;hdd;6
3131;fdd;13
3132;cdrom;10
3133;ddrom;27
3134;ram;34
3135;monitor;41
3136;klavye;48
3137;hdd;6
3138;fdd;13
3139;cdrom;10
3140;ddrom;27
3141;ram;34
3142;monitor;41
3143;klavye;48
3144;hdd;6
3145;fdd;13
3146;cdrom;10
3147;ddrom;27
3148;ram;34
3149;monitor;41
3150;klavye;48
3151;hdd;6
3152;fdd;13
3153;cdrom;10
3154;ddrom;27
3155;ram;34
3156;monitor;41
3157;klavye;48
3158;hdd;6
3159;fdd;13
3160;cdrom;10
3161;ddrom;27
3162;ram;34
3163;monitor;41
3164;klavye;48
3165;hdd;6
3166;fdd;13
3167;cdrom;10
3168;ddrom;27
3169;ram;34
3170;monitor;41
3171;klavye;48
3172;hdd;6
3173;fdd;13
3174;cdrom;10
3175;ddrom;27
3176;ram;34
3177;monitor;41
3178;klavye;48
3179;hdd;6
3180;fdd;13
3181;cdrom;10
3182;ddrom;27
3183;ram;34
3184;monitor;41
3185;klavye;48
3186;hdd;6
3187;fdd;13
3188;cdrom;10
3189;ddrom;27
3190;ram;34
3191;monitor;41
3192;klavye;48
3193;hdd;6
3194;fdd;13
3195;cdrom;10
3196;ddrom;27
3197;ram;34
3198;monitor;41
3199;klavye;48
3200;hdd;6
3201;fdd;13
3202;cdrom;10
3203;ddrom;27
3204;ram;34
3205;monitor;41
3206;klavye;48
3207;hdd;6
3208;fdd;13
3209;cdrom;10
3210;ddrom;27
3211;ram;34
3212;monitor;41
3213;klavye;48
3214;hdd;6
3215;fdd;13
3216;cdrom;10
3217;ddrom;27
3218;ram;34
3219;monitor;41
3220;klavye;48
3221;hdd;6
3222;fdd;13
3223;cdrom;10
3224;ddrom;27
3225;ram;34
3226;monitor;41
3227;klavye;48
3228;hdd;6
3229;fdd;13
3230;cdrom;10
3231;ddrom;27
3232;ram;34
3233;monitor;41
3234;klavye;48
3235;hdd;6
3236;fdd;13
3237;cdrom;10
3238;ddrom;27
3239;ram;34
3240;monitor;41
3241;klavye;48
3242;hdd;6
3243;fdd;13
3244;cdrom;10
3245;ddrom;27
3246;ram;34
3247;monitor;41
3248;klavye;48
3249;hdd;6
3250;fdd;13
3251;cdrom;10
3252;ddrom;27
3253;ram;34
3254;monitor;41
3255;klavye;48
3256;hdd;6
3257;fdd;13
3258;cdrom;10
3259;ddrom;27
3260;ram;34
3261;monitor;41
3262;klavye;48
3263;hdd;6
3264;fdd;13
3265;cdrom;10
3266;ddrom;27
3267;ram;34
3268;monitor;41
3269;klavye;48
3270;hdd;6
3271;fdd;13
3272;cdrom;10
3273;ddrom;27
3274;ram;34
3275;monitor;41
3276;klavye;48
3277;hdd;6
3278;fdd;13
3279;cdrom;10
3280;ddrom;27
3281;ram;34
3282;monitor;41
3283;klavye;48
3284;hdd;6
3285;fdd;13
3286;cdrom;10
3287;ddrom;27
3288;ram;34
3289;monitor;41
3290;klavye;48
3291;hdd;6
3292;fdd;13
3293;cdrom;10
3294;ddrom;27
3295;ram;34
3296;monitor;41
3297;klavye;48
3298;hdd;6
3299;fdd;13
3300;cdrom;10
3301;ddrom;27
3302;ram;34
3303;monitor;41
3304;klavye;48
3305;hdd;6
3306;fdd;13
3307;cdrom;10
3308;ddrom;27
3309;ram;34
3310;monitor;41
3311;klavye;48
3312;hdd;6
3313;fdd;13
3314;cdrom;10
3315;ddrom;27
3316;ram;34
3317;monitor;41
3318;klavye;48
3319;hdd;6
3320;fdd;13
3321;cdrom;10
3322;ddrom;27
3323;ram;34
3324;monitor;41
3325;klavye;48
3326;hdd;6
3327;fdd;13
3328;cdrom;10
3329;ddrom;27
3330;ram;34
3331;monitor;41
3332;klavye;48
3333;hdd;6
3334;fdd;13
3335;cdrom;10
3336;ddrom;27
3337;ram;34
3338;monitor;41
3339;klavye;48
3340;hdd;6
3341;fdd;13
3342;cdrom;10
3343;ddrom;27
3344;ram;34
3345;monitor;41
3346;klavye;48
3347;hdd;6
3348;fdd;13
3349;cdrom;10
3350;ddrom;27
3351;ram;34
3352;monitor;41
3353;klavye;48
3354;hdd;6
3355;fdd;13
3356;cdrom;10
3357;ddrom;27
3358;ram;34
3359;monitor;41
3360;klavye;48
3361;hdd;6
3362;fdd;13
3363;cdrom;10
3364;ddrom;27
3365;ram;34
3366;monitor;41
3367;klavye;48
3368;hdd;6
3369;fdd;13
3370;cdrom;10
3371;ddrom;27
3372;ram;34
3373;monitor;41
3374;klavye;48
3375;hdd;6
3376;fdd;13
3377;cdrom;10
3378;ddrom;27
3379;ram;34
3380;monitor;41
3381;klavye;48
3382;hdd;6
3383;fdd;13
3384;cdrom;10
3385;ddrom;27
3386;ram;34
3387;monitor;41
3388;klavye;48
3389;hdd;6
3390;fdd;13
3391;cdrom;10
3392;ddrom;27
3393;ram;34
3394;monitor;41
3395;klavye;48
3396;hdd;6
3397;fdd;13
3398;cdrom;10
3399;ddrom;27
3400;ram;34
3401;monitor;41
3402;klavye;48
3403;hdd;6
3404;fdd;13
3405;cdrom;10
3406;ddrom;27
3407;ram;34
3408;monitor;41
3409;klavye;48
3410;hdd;6
3411;fdd;13
3412;cdrom;10
3413;ddrom;27
3414;ram;34
3415;monitor;41
3416;klavye;48
3417;hdd;6
3418;fdd;13
3419;cdrom;10
3420;ddrom;27
3421;ram;34
3422;monitor;41
3423;klavye;48
3424;hdd;6
3425;fdd;13
3426;cdrom;10
3427;ddrom;27
3428;ram;34
3429;monitor;41
3430;klavye;48
3431;hdd;6
3432;fdd;13
3433;cdrom;10
3434;ddrom;27
3435;ram;34
3436;monitor;41
3437;klavye;48
3438;hdd;6
3439;fdd;13
3440;cdrom;10
3441;ddrom;27
3442;ram;34
3443;monitor;41
3444;klavye;48
3445;hdd;6
3446;fdd;13
3447;cdrom;10
3448;ddrom;27
3449;ram;34
3450;monitor;41
3451;klavye;48
3452;hdd;6
3453;fdd;13
3454;cdrom;10
3455;ddrom;27
3456;ram;34
3457;monitor;41
3458;klavye;48
3459;hdd;6
3460;fdd;13
3461;cdrom;10
3462;ddrom;27
3463;ram;34
3464;monitor;41
3465;klavye;48
3466;hdd;6
3467;fdd;13
3468;cdrom;10
3469;ddrom;27
3470;ram;34
3471;monitor;41
3472;klavye;48
3473;hdd;6
3474;fdd;13
3475;cdrom;10
3476;ddrom;27
3477;ram;34
3478;monitor;41
3479;klavye;48
3480;hdd;6
3481;fdd;13
3482;cdrom;10
3483;ddrom;27
3484;ram;34
3485;monitor;41
3486;klavye;48
3487;hdd;6
3488;fdd;13
3489;cdrom;10
3490;ddrom;27
3491;ram;34
3492;monitor;41
3493;klavye;48
3494;hdd;6
3495;fdd;13
3496;cdrom;10
3497;ddrom;27
3498;ram;34
3499;monitor;41
3500;klavye;48
3501;hdd;6
3502;fdd;13
3503;cdrom;10
3504;ddrom;27
3505;ram;34
3506;monitor;41
3507;klavye;48
3508;hdd;6
3509;fdd;13
3510;cdrom;10
3511;ddrom;27
3512;ram;34
3513;monitor;41
3514;klavye;48
3515;hdd;6
3516;fdd;13
3517;cdrom;10
3518;ddrom;27
3519;ram;34
3520;monitor;41
3521;klavye;48
3522;hdd;6
3523;fdd;13
3524;cdrom;10
3525;ddrom;27
3526;ram;34
3527;monitor;41
3528;klavye;48
3529;hdd;6
3530;fdd;13
3531;cdrom;10
3532;ddrom;27
3533;ram;34
3534;monitor;41
3535;klavye;48
3536;hdd;6
3537;fdd;13
3538;cdrom;10
3539;ddrom;27
3540;ram;34
3541;monitor;41
3542;klavye;48
3543;hdd;6
3544;fdd;13
3545;cdrom;10
3546;ddrom;27
3547;ram;34
3548;monitor;41
3549;klavye;48
3550;hdd;6
3551;fdd;13
3552;cdrom;10
3553;ddrom;27
3554;ram;34
3555;monitor;41
3556;klavye;48
3557;hdd;6
3558;fdd;13
3559;cdrom;10
3560;ddrom;27
3561;ram;34
3562;monitor;41
3563;klavye;48
3564;hdd;6
3565;fdd;13
3566;cdrom;10
3567;ddrom;27
3568;ram;34
3569;monitor;41
3570;klavye;48
3571;hdd;6
3572;fdd;13
3573;cdrom;10
3574;ddrom;27
3575;ram;34
3576;monitor;41
3577;klavye;48
3578;hdd;6
3579;fdd;13
3580;cdrom;10
3581;ddrom;27
3582;ram;34
3583;monitor;41
3584;klavye;48
3585;hdd;6
3586;fdd;13
3587;cdrom;10
3588;ddrom;27
3589;ram;34
3590;monitor;41
3591;klavye;48
3592;hdd;6
3593;fdd;13
3594;cdrom;10
3595;ddrom;27
3596;ram;34
3597;monitor;41
3598;klavye;48
3599;hdd;6
3600;fdd;13
3601;cdrom;10
3602;ddrom;27
3603;ram;34
3604;monitor;41
3605;klavye;48
3606;hdd;6
3607;fdd;13
3608;cdrom;10
3609;ddrom;27
3610;ram;34
3611;monitor;41
3612;klavye;48
3613;hdd;6
3614;fdd;13
3615;cdrom;10
3616;ddrom;27
3617;ram;34
3618;monitor;41
3619;klavye;48
3620;hdd;6
3621;fdd;13
3622;cdrom;10
3623;ddrom;27
3624;ram;34
3625;monitor;41
3626;klavye;48
3627;hdd;6
3628;fdd;13
3629;cdrom;10
3630;ddrom;27
3631;ram;34
3632;monitor;41
3633;klavye;48
3634;hdd;6
3635;fdd;13
3636;cdrom;10
3637;ddrom;27
3638;ram;34
3639;monitor;41
3640;klavye;48
3641;hdd;6
3642;fdd;13
3643;cdrom;10
3644;ddrom;27
3645;ram;34
3646;monitor;41
3647;klavye;48
3648;hdd;6
3649;fdd;13
3650;cdrom;10
3651;ddrom;27
3652;ram;34
3653;monitor;41
3654;klavye;48
3655;hdd;6
3656;fdd;13
3657;cdrom;10
3658;ddrom;27
3659;ram;34
3660;monitor;41
3661;klavye;48
3662;hdd;6
3663;fdd;13
3664;cdrom;10
3665;ddrom;27
3666;ram;34
3667;monitor;41
3668;klavye;48
3669;hdd;6
3670;fdd;13
3671;cdrom;10
3672;ddrom;27
3673;ram;34
3674;monitor;41
3675;klavye;48
3676;hdd;6
3677;fdd;13
3678;cdrom;10
3679;ddrom;27
3680;ram;34
3681;monitor;41
3682;klavye;48
3683;hdd;6
3684;fdd;13
3685;cdrom;10
3686;ddrom;27
3687;ram;34
3688;monitor;41
3689;klavye;48
3690;hdd;6
3691;fdd;13
3692;cdrom;10
3693;ddrom;27
3694;ram;34
3695;monitor;41
3696;klavye;48
3697;hdd;6
3698;fdd;13
3699;cdrom;10
3700;ddrom;27
3701;ram;34
3702;monitor;41
3703;klavye;48
3704;hdd;6
3705;fdd;13
3706;cdrom;10
3707;ddrom;27
3708;ram;34
3709;monitor;41
3710;klavye;48
3711;hdd;6
3712;fdd;13
3713;cdrom;10
3714;ddrom;27
3715;ram;34
3716;monitor;41
3717;klavye;48
3718;hdd;6
3719;fdd;13
3720;cdrom;10
3721;ddrom;27
3722;ram;34
3723;monitor;41
3724;klavye;48
3725;hdd;6
3726;fdd;13
3727;cdrom;10
3728;ddrom;27
3729;ram;34
3730;monitor;41
3731;klavye;48
3732;hdd;6
3733;fdd;13
3734;cdrom;10
3735;ddrom;27
3736;ram;34
3737;monitor;41
3738;klavye;48
3739;hdd;6
3740;fdd;13
3741;cdrom;10
3742;ddrom;27
3743;ram;34
3744;monitor;41
3745;klavye;48
3746;hdd;6
3747;fdd;13
3748;cdrom;10
3749;ddrom;27
3750;ram;34
3751;monitor;41
3752;klavye;48
3753;hdd;6
3754;fdd;13
3755;cdrom;10
3756;ddrom;27
3757;ram;34
3758;monitor;41
3759;klavye;48
3760;hdd;6
3761;fdd;13
3762;cdrom;10
3763;ddrom;27
3764;ram;34
3765;monitor;41
3766;klavye;48
3767;hdd;6
3768;fdd;13
3769;cdrom;10
3770;ddrom;27
3771;ram;34
3772;monitor;41
3773;klavye;48
3774;hdd;6
3775;fdd;13
3776;cdrom;10
3777;ddrom;27
3778;ram;34
3779;monitor;41
3780;klavye;48
3781;hdd;6
3782;fdd;13
3783;cdrom;10
3784;ddrom;27
3785;ram;34
3786;monitor;41
3787;klavye;48
3788;hdd;6
3789;fdd;13
3790;cdrom;10
3791;ddrom;27
3792;ram;34
3793;monitor;41
3794;klavye;48
3795;hdd;6
3796;fdd;13
3797;cdrom;10
3798;ddrom;27
3799;ram;34
3800;monitor;41
3801;klavye;48
3802;hdd;6
3803;fdd;13
3804;cdrom;10
3805;ddrom;27
3806;ram;34
3807;monitor;41
3808;klavye;48
3809;hdd;6
3810;fdd;13
3811;cdrom;10
3812;ddrom;27
3813;ram;34
3814;monitor;41
3815;klavye;48
3816;hdd;6
3817;fdd;13
3818;cdrom;10
3819;ddrom;27
3820;ram;34
3821;monitor;41
3822;klavye;48
3823;hdd;6
3824;fdd;13
3825;cdrom;10
3826;ddrom;27
3827;ram;34
3828;monitor;41
3829;klavye;48
3830;hdd;6
3831;fdd;13
3832;cdrom;10
3833;ddrom;27
3834;ram;34
3835;monitor;41
3836;klavye;48
3837;hdd;6
3838;fdd;13
3839;cdrom;10
3840;ddrom;27
3841;ram;34
3842;monitor;41
3843;klavye;48
3844;hdd;6
3845;fdd;13
3846;cdrom;10
3847;ddrom;27
3848;ram;34
3849;monitor;41
3850;klavye;48
3851;hdd;6
3852;fdd;13
3853;cdrom;10
3854;ddrom;27
3855;ram;34
3856;monitor;41
3857;klavye;48
3858;hdd;6
3859;fdd;13
3860;cdrom;10
3861;ddrom;27
3862;ram;34
3863;monitor;41
3864;klavye;48
3865;hdd;6
3866;fdd;13
3867;cdrom;10
3868;ddrom;27
3869;ram;34
3870;monitor;41
3871;klavye;48
3872;hdd;6
3873;fdd;13
3874;cdrom;10
3875;ddrom;27
3876;ram;34
3877;monitor;41
3878;klavye;48
3879;hdd;6
3880;fdd;13
3881;cdrom;10
3882;ddrom;27
3883;ram;34
3884;monitor;41
3885;klavye;48
3886;hdd;6
3887;fdd;13
3888;cdrom;10
3889;ddrom;27
3890;ram;34
3891;monitor;41
3892;klavye;48
3893;hdd;6
3894;fdd;13
3895;cdrom;10
3896;ddrom;27
3897;ram;34
3898;monitor;41
3899;klavye;48
3900;hdd;6
3901;fdd;13
3902;cdrom;10
3903;ddrom;27
3904;ram;34
3905;monitor;41
3906;klavye;48
3907;hdd;6
3908;fdd;13
3909;cdrom;10
3910;ddrom;27
3911;ram;34
3912;monitor;41
3913;klavye;48
3914;hdd;6
3915;fdd;13
3916;cdrom;10
3917;ddrom;27
3918;ram;34
3919;monitor;41
3920;klavye;48
3921;hdd;6
3922;fdd;13
3923;cdrom;10
3924;ddrom;27
3925;ram;34
3926;monitor;41
3927;klavye;48
3928;hdd;6
3929;fdd;13
3930;cdrom;10
3931;ddrom;27
3932;ram;34
3933;monitor;41
3934;klavye;48
3935;hdd;6
3936;fdd;13
3937;cdrom;10
3938;ddrom;27
3939;ram;34
3940;monitor;41
3941;klavye;48
3942;hdd;6
3943;fdd;13
3944;cdrom;10
3945;ddrom;27
3946;ram;34
3947;monitor;41
3948;klavye;48
3949;hdd;6
3950;fdd;13
3951;cdrom;10
3952;ddrom;27
3953;ram;34
3954;monitor;41
3955;klavye;48
3956;hdd;6
3957;fdd;13
3958;cdrom;10
3959;ddrom;27
3960;ram;34
3961;monitor;41
3962;klavye;48
3963;hdd;6
3964;fdd;13
3965;cdrom;10
3966;ddrom;27
3967;ram;34
3968;monitor;41
3969;klavye;48
3970;hdd;6
3971;fdd;13
3972;cdrom;10
3973;ddrom;27
3974;ram;34
3975;monitor;41
3976;klavye;48
3977;hdd;6
3978;fdd;13
3979;cdrom;10
3980;ddrom;27
3981;ram;34
3982;monitor;41
3983;klavye;48
3984;hdd;6
3985;fdd;13
3986;cdrom;10
3987;ddrom;27
3988;ram;34
3989;monitor;41
3990;klavye;48
3991;hdd;6
3992;fdd;13
3993;cdrom;10
3994;ddrom;27
3995;ram;34
3996;monitor;41
3997;klavye;48
3998;hdd;6
3999;fdd;13
4000;cdrom;10
4001;ddrom;27
4002;ram;34
4003;monitor;41
4004;klavye;48
4005;hdd;6
4006;fdd;13
4007;cdrom;10
4008;ddrom;27
4009;ram;34
4010;monitor;41
4011;klavye;48
4012;hdd;6
4013;fdd;13
4014;cdrom;10
4015;ddrom;27
4016;ram;34
4017;monitor;41
4018;klavye;48
4019;hdd;6
4020;fdd;13
4021;cdrom;10
4022;ddrom;27
4023;ram;34
4024;monitor;41
4025;klavye;48
4026;hdd;6
4027;fdd;13
4028;cdrom;10
4029;ddrom;27
4030;ram;34
4031;monitor;41
4032;klavye;48
4033;hdd;6
4034;fdd;13
4035;cdrom;10
4036;ddrom;27
4037;ram;34
4038;monitor;41
4039;klavye;48
4040;hdd;6
4041;fdd;13
4042;cdrom;10
4043;ddrom;27
4044;ram;34
4045;monitor;41
4046;klavye;48
4047;hdd;6
4048;fdd;13
4049;cdrom;10
4050;ddrom;27
4051;ram;34
4052;monitor;41
4053;klavye;48
4054;hdd;6
4055;fdd;13
4056;cdrom;10
4057;ddrom;27
4058;ram;34
4059;monitor;41
4060;klavye;48
4061;hdd;6
4062;fdd;13
4063;cdrom;10
4064;ddrom;27
4065;ram;34
4066;monitor;41
4067;klavye;48
4068;hdd;6
4069;fdd;13
4070;cdrom;10
4071;ddrom;27
4072;ram;34
4073;monitor;41
4074;klavye;48
4075;hdd;6
4076;fdd;13
4077;cdrom;10
4078;ddrom;27
4079;ram;34
4080;monitor;41
4081;klavye;48
4082;hdd;6
4083;fdd;13
4084;cdrom;10
4085;ddrom;27
4086;ram;34
4087;monitor;41
4088;klavye;48
4089;hdd;6
4090;fdd;13
4091;cdrom;10
4092;ddrom;27
4093;ram;34
4094;monitor;41
4095;klavye;48
4096;hdd;6
4097;fdd;13
4098;cdrom;10
4099;ddrom;27
4100;ram;34
4101;monitor;41
4102;klavye;48
4103;hdd;6
4104;fdd;13
4105;cdrom;10
4106;ddrom;27
4107;ram;34
4108;monitor;41
4109;klavye;48
4110;hdd;6
4111;fdd;13
4112;cdrom;10
4113;ddrom;27
4114;ram;34
4115;monitor;41
4116;klavye;48
4117;hdd;6
4118;fdd;13
4119;cdrom;10
4120;ddrom;27
4121;ram;34
4122;monitor;41
4123;klavye;48
4124;hdd;6
4125;fdd;13
4126;cdrom;10
4127;ddrom;27
4128;ram;34
4129;monitor;41
4130;klavye;48
4131;hdd;6
4132;fdd;13
4133;cdrom;10
4134;ddrom;27
4135;ram;34
4136;monitor;41
4137;klavye;48
4138;hdd;6
4139;fdd;13
4140;cdrom;10
4141;ddrom;27
4142;ram;34
4143;monitor;41
4144;klavye;48
4145;hdd;6
4146;fdd;13
4147;cdrom;10
4148;ddrom;27
4149;ram;34
4150;monitor;41
4151;klavye;48
4152;hdd;6
4153;fdd;13
4154;cdrom;10
4155;ddrom;27
4156;ram;34
4157;monitor;41
4158;klavye;48
4159;hdd;6
4160;fdd;13
4161;cdrom;10
4162;ddrom;27
4163;ram;34
4164;monitor;41
4165;klavye;48
4166;hdd;6
4167;fdd;13
4168;cdrom;10
4169;ddrom;27
4170;ram;34
4171;monitor;41
4172;klavye;48
4173;hdd;6
4174;fdd;13
4175;cdrom;10
4176;ddrom;27
4177;ram;34
4178;monitor;41
4179;klavye;48
4180;hdd;6
4181;fdd;13
4182;cdrom;10
4183;ddrom;27
4184;ram;34
4185;monitor;41
4186;klavye;48
4187;hdd;6
4188;fdd;13
4189;cdrom;10
4190;ddrom;27
4191;ram;34
4192;monitor;41
4193;klavye;48
4194;hdd;6
4195;fdd;13
4196;cdrom;10
4197;ddrom;27
4198;ram;34
4199;monitor;41
4200;klavye;48
4201;hdd;6
4202;fdd;13
4203;cdrom;10
4204;ddrom;27
4205;ram;34
4206;monitor;41
4207;klavye;48
4208;hdd;6
4209;fdd;13
4210;cdrom;10
4211;ddrom;27
4212;ram;34
4213;monitor;41
4214;klavye;48
4215;hdd;6
4216;fdd;13
4217;cdrom;10
4218;ddrom;27
4219;ram;34
4220;monitor;41
4221;klavye;48
4222;hdd;6
4223;fdd;13
4224;cdrom;10
4225;ddrom;27
4226;ram;34
4227;monitor;41
4228;klavye;48
4229;hdd;6
4230;fdd;13
4231;cdrom;10
4232;ddrom;27
4233;ram;34
4234;monitor;41
4235;klavye;48
4236;hdd;6
4237;fdd;13
4238;cdrom;10
4239;ddrom;27
4240;ram;34
4241;monitor;41
4242;klavye;48
4243;hdd;6
4244;fdd;13
4245;cdrom;10
4246;ddrom;27
4247;ram;34
4248;monitor;41
4249;klavye;48
4250;hdd;6
4251;fdd;13
4252;cdrom;10
4253;ddrom;27
4254;ram;34
4255;monitor;41
4256;klavye;48
4257;hdd;6
4258;fdd;13
4259;cdrom;10
4260;ddrom;27
4261;ram;34
4262;monitor;41
4263;klavye;48
4264;hdd;6
4265;fdd;13
4266;cdrom;10
4267;ddrom;27
4268;ram;34
4269;monitor;41
4270;klavye;48
4271;hdd;6
4272;fdd;13
4273;cdrom;10
4274;ddrom;27
4275;ram;34
4276;monitor;41
4277;klavye;48
4278;hdd;6
4279;fdd;13
4280;cdrom;10
4281;ddrom;27
4282;ram;34
4283;monitor;41
4284;klavye;48
4285;hdd;6
4286;fdd;13
4287;cdrom;10
4288;ddrom;27
4289;ram;34
4290;monitor;41
4291;klavye;48
4292;hdd;6
4293;fdd;13
4294;cdrom;10
4295;ddrom;27
4296;ram;34
4297;monitor;41
4298;klavye;48
4299;hdd;6
4300;fdd;13
4301;cdrom;10
4302;ddrom;27
4303;ram;34
4304;monitor;41
4305;klavye;48
4306;hdd;6
4307;fdd;13
4308;cdrom;10
4309;ddrom;27
4310;ram;34
4311;monitor;41
4312;klavye;48
4313;hdd;6
4314;fdd;13
4315;cdrom;10
4316;ddrom;27
4317;ram;34
4318;monitor;41
4319;klavye;48
4320;hdd;6
4321;fdd;13
4322;cdrom;10
4323;ddrom;27
4324;ram;34
4325;monitor;41
4326;klavye;48
4327;hdd;6
4328;fdd;13
4329;cdrom;10
4330;ddrom;27
4331;ram;34
4332;monitor;41
4333;klavye;48
4334;hdd;6
4335;fdd;13
4336;cdrom;10
4337;ddrom;27
4338;ram;34
4339;monitor;41
4340;klavye;48
4341;hdd;6
4342;fdd;13
4343;cdrom;10
4344;ddrom;27
4345;ram;34
4346;monitor;41
4347;klavye;48
4348;hdd;6
4349;fdd;13
4350;cdrom;10
4351;ddrom;27
4352;ram;34
4353;monitor;41
4354;klavye;48
4355;hdd;6
4356;fdd;13
4357;cdrom;10
4358;ddrom;27
4359;ram;34
4360;monitor;41
4361;klavye;48
4362;hdd;6
4363;fdd;13
4364;cdrom;10
4365;ddrom;27
4366;ram;34
4367;monitor;41
4368;klavye;48
4369;hdd;6
4370;fdd;13
4371;cdrom;10
4372;ddrom;27
4373;ram;34
4374;monitor;41
4375;klavye;48
4376;hdd;6
4377;fdd;13
4378;cdrom;10
4379;ddrom;27
4380;ram;34
4381;monitor;41
4382;klavye;48
4383;hdd;6
4384;fdd;13
4385;cdrom;10
4386;ddrom;27
4387;ram;34
4388;monitor;41
4389;klavye;48
4390;hdd;6
4391;fdd;13
4392;cdrom;10
4393;ddrom;27
4394;ram;34
4395;monitor;41
4396;klavye;48
4397;hdd;6
4398;fdd;13
4399;cdrom;10
4400;ddrom;27
4401;ram;34
4402;monitor;41
4403;klavye;48
4404;hdd;6
4405;fdd;13
4406;cdrom;10
4407;ddrom;27
4408;ram;34
4409;monitor;41
4410;klavye;48
4411;hdd;6
4412;fdd;13
4413;cdrom;10
4414;ddrom;27
4415;ram;34
4416;monitor;41
4417;klavye;48
4418;hdd;6
4419;fdd;13
4420;cdrom;10
4421;ddrom;27
4422;ram;34
4423;monitor;41
4424;klavye;48
4425;hdd;6
4426;fdd;13
4427;cdrom;10
4428;ddrom;27
4429;ram;34
4430;monitor;41
4431;klavye;48
4432;hdd;6
4433;fdd;13
4434;cdrom;10
4435;ddrom;27
4436;ram;34
4437;monitor;41
4438;klavye;48
4439;hdd;6
4440;fdd;13
4441;cdrom;10
4442;ddrom;27
4443;ram;34
4444;monitor;41
4445;klavye;48
4446;hdd;6
4447;fdd;13
4448;cdrom;10
4449;ddrom;27
4450;ram;34
4451;monitor;41
4452;klavye;48
4453;hdd;6
4454;fdd;13
4455;cdrom;10
4456;ddrom;27
4457;ram;34
4458;monitor;41
4459;klavye;48
4460;hdd;6
4461;fdd;13
4462;cdrom;10
4463;ddrom;27
4464;ram;34
4465;monitor;41
4466;klavye;48
4467;hdd;6
4468;fdd;13
4469;cdrom;10
4470;ddrom;27
4471;ram;34
4472;monitor;41
4473;klavye;48
4474;hdd;6
4475;fdd;13
4476;cdrom;10
4477;ddrom;27
4478;ram;34
4479;monitor;41
4480;klavye;48
4481;hdd;6
4482;fdd;13
4483;cdrom;10
4484;ddrom;27
4485;ram;34
4486;monitor;41
4487;klavye;48
4488;hdd;6
4489;fdd;13
4490;cdrom;10
4491;ddrom;27
4492;ram;34
4493;monitor;41
4494;klavye;48
4495;hdd;6
4496;fdd;13
4497;cdrom;10
4498;ddrom;27
4499;ram;34
4500;monitor;41
4501;klavye;48
4502;hdd;6
4503;fdd;13
4504;cdrom;10
4505;ddrom;27
4506;ram;34
4507;monitor;41
4508;klavye;48
4509;hdd;6
4510;fdd;13
4511;cdrom;10
4512;ddrom;27
4513;ram;34
4514;monitor;41
4515;klavye;48
4516;hdd;6
4517;fdd;13
4518;cdrom;10
4519;ddrom;27
4520;ram;34
4521;monitor;41
4522;klavye;48
4523;hdd;6
4524;fdd;13
4525;cdrom;10
4526;ddrom;27
4527;ram;34
4528;monitor;41
4529;klavye;48
4530;hdd;6
4531;fdd;13
4532;cdrom;10
4533;ddrom;27
4534;ram;34
4535;monitor;41
4536;klavye;48
4537;hdd;6
4538;fdd;13
4539;cdrom;10
4540;ddrom;27
4541;ram;34
4542;monitor;41
4543;klavye;48
4544;hdd;6
4545;fdd;13
4546;cdrom;10
4547;ddrom;27
4548;ram;34
4549;monitor;41
4550;klavye;48
4551;hdd;6
4552;fdd;13
4553;cdrom;10
4554;ddrom;27
4555;ram;34
4556;monitor;41
4557;klavye;48
4558;hdd;6
4559;fdd;13
4560;cdrom;10
4561;ddrom;27
4562;ram;34
4563;monitor;41
4564;klavye;48
4565;hdd;6
4566;fdd;13
4567;cdrom;10
4568;ddrom;27
4569;ram;34
4570;monitor;41
4571;klavye;48
4572;hdd;6
4573;fdd;13
4574;cdrom;10
4575;ddrom;27
4576;ram;34
4577;monitor;41
4578;klavye;48
4579;hdd;6
4580;fdd;13
4581;cdrom;10
4582;ddrom;27
4583;ram;34
4584;monitor;41
4585;klavye;48
4586;hdd;6
4587;fdd;13
4588;cdrom;10
4589;ddrom;27
4590;ram;34
4591;monitor;41
4592;klavye;48
4593;hdd;6
4594;fdd;13
4595;cdrom;10
4596;ddrom;27
4597;ram;34
4598;monitor;41
4599;klavye;48
4600;hdd;6
4601;fdd;13
4602;cdrom;10
4603;ddrom;27
4604;ram;34
4605;monitor;41
4606;klavye;48
4607;hdd;6
4608;fdd;13
4609;cdrom;10
4610;ddrom;27
4611;ram;34
4612;monitor;41
4613;klavye;48
4614;hdd;6
4615;fdd;13
4616;cdrom;10
4617;ddrom;27
4618;ram;34
4619;monitor;41
4620;klavye;48
4621;hdd;6
4622;fdd;13
4623;cdrom;10
4624;ddrom;27
4625;ram;34
4626;monitor;41
4627;klavye;48
4628;hdd;6
4629;fdd;13
4630;cdrom;10
4631;ddrom;27
4632;ram;34
4633;monitor;41
4634;klavye;48
4635;hdd;6
4636;fdd;13
4637;cdrom;10
4638;ddrom;27
4639;ram;34
4640;monitor;41
4641;klavye;48
4642;hdd;6
4643;fdd;13
4644;cdrom;10
4645;ddrom;27
4646;ram;34
4647;monitor;41
4648;klavye;48
4649;hdd;6
4650;fdd;13
4651;cdrom;10
4652;ddrom;27
4653;ram;34
4654;monitor;41
4655;klavye;48
4656;hdd;6
4657;fdd;13
4658;cdrom;10
4659;ddrom;27
4660;ram;34
4661;monitor;41
4662;klavye;48
4663;hdd;6
4664;fdd;13
4665;cdrom;10
4666;ddrom;27
4667;ram;34
4668;monitor;41
4669;klavye;48
4670;hdd;6
4671;fdd;13
4672;cdrom;10
4673;ddrom;27
4674;ram;34
4675;monitor;41
4676;klavye;48
4677;hdd;6
4678;fdd;13
4679;cdrom;10
4680;ddrom;27
4681;ram;34
4682;monitor;41
4683;klavye;48
4684;hdd;6
4685;fdd;13
4686;cdrom;10
4687;ddrom;27
4688;ram;34
4689;monitor;41
4690;klavye;48
4691;hdd;6
4692;fdd;13
4693;cdrom;10
4694;ddrom;27
4695;ram;34
4696;monitor;41
4697;klavye;48
4698;hdd;6
4699;fdd;13
4700;cdrom;10
4701;ddrom;27
4702;ram;34
4703;monitor;41
4704;klavye;48
4705;hdd;6
4706;fdd;13
4707;cdrom;10
4708;ddrom;27
4709;ram;34
4710;monitor;41
4711;klavye;48
4712;hdd;6
4713;fdd;13
4714;cdrom;10
4715;ddrom;27
4716;ram;34
4717;monitor;41
4718;klavye;48
4719;hdd;6
4720;fdd;13
4721;cdrom;10
4722;ddrom;27
4723;ram;34
4724;monitor;41
4725;klavye;48
4726;hdd;6
4727;fdd;13
4728;cdrom;10
4729;ddrom;27
4730;ram;34
4731;monitor;41
4732;klavye;48
4733;hdd;6
4734;fdd;13
4735;cdrom;10
4736;ddrom;27
4737;ram;34
4738;monitor;41
4739;klavye;48
4740;hdd;6
4741;fdd;13
4742;cdrom;10
4743;ddrom;27
4744;ram;34
4745;monitor;41
4746;klavye;48
4747;hdd;6
4748;fdd;13
4749;cdrom;10
4750;ddrom;27
4751;ram;34
4752;monitor;41
4753;klavye;48
4754;hdd;6
4755;fdd;13
4756;cdrom;10
4757;ddrom;27
4758;ram;34
4759;monitor;41
4760;klavye;48
4761;hdd;6
4762;fdd;13
4763;cdrom;10
4764;ddrom;27
4765;ram;34
4766;monitor;41
4767;klavye;48
4768;hdd;6
4769;fdd;13
4770;cdrom;10
4771;ddrom;27
4772;ram;34
4773;monitor;41
4774;klavye;48
4775;hdd;6
4776;fdd;13
4777;cdrom;10
4778;ddrom;27
4779;ram;34
4780;monitor;41
4781;klavye;48
4782;hdd;6
4783;fdd;13
4784;cdrom;10
4785;ddrom;27
4786;ram;34
4787;monitor;41
4788;klavye;48
4789;hdd;6
4790;fdd;13
4791;cdrom;10
4792;ddrom;27
4793;ram;34
4794;monitor;41
4795;klavye;48
4796;hdd;6
4797;fdd;13
4798;cdrom;10
4799;ddrom;27
4800;ram;34
4801;monitor;41
4802;klavye;48
4803;hdd;6
4804;fdd;13
4805;cdrom;10
4806;ddrom;27
4807;ram;34
4808;monitor;41
4809;klavye;48
4810;hdd;6
4811;fdd;13
4812;cdrom;10
4813;ddrom;27
4814;ram;34
4815;monitor;41
4816;klavye;48
4817;hdd;6
4818;fdd;13
4819;cdrom;10
4820;ddrom;27
4821;ram;34
4822;monitor;41
4823;klavye;48
4824;hdd;6
4825;fdd;13
4826;cdrom;10
4827;ddrom;27
4828;ram;34
4829;monitor;41
4830;klavye;48
4831;hdd;6
4832;fdd;13
4833;cdrom;10
4834;ddrom;27
4835;ram;34
4836;monitor;41
4837;klavye;48
4838;hdd;6
4839;fdd;13
4840;cdrom;10
4841;ddrom;27
4842;ram;34
4843;monitor;41
4844;klavye;48
4845;hdd;6
4846;fdd;13
4847;cdrom;10
4848;ddrom;27
4849;ram;34
4850;monitor;41
4851;klavye;48
4852;hdd;6
4853;fdd;13
4854;cdrom;10
4855;ddrom;27
4856;ram;34
4857;monitor;41
4858;klavye;48
4859;hdd;6
4860;fdd;13
4861;cdrom;10
4862;ddrom;27
4863;ram;34
4864;monitor;41
4865;klavye;48
4866;hdd;6
4867;fdd;13
4868;cdrom;10
4869;ddrom;27
4870;ram;34
4871;monitor;41
4872;klavye;48
4873;hdd;6
4874;fdd;13
4875;cdrom;10
4876;ddrom;27
4877;ram;34
4878;monitor;41
4879;klavye;48
4880;hdd;6
4881;fdd;13
4882;cdrom;10
4883;ddrom;27
4884;ram;34
4885;monitor;41
4886;klavye;48
4887;hdd;6
4888;fdd;13
4889;cdrom;10
4890;ddrom;27
4891;ram;34
4892;monitor;41
4893;klavye;48
4894;hdd;6
4895;fdd;13
4896;cdrom;10
4897;ddrom;27
4898;ram;34
4899;monitor;41
4900;klavye;48
4901;hdd;6
4902;fdd;13
4903;cdrom;10
4904;ddrom;27
4905;ram;34
4906;monitor;41
4907;klavye;48
4908;hdd;6
4909;fdd;13
4910;cdrom;10
4911;ddrom;27
4912;ram;34
4913;monitor;41
4914;klavye;48
4915;hdd;6
4916;fdd;13
4917;cdrom;10
4918;ddrom;27
4919;ram;34
4920;monitor;41
4921;klavye;48
4922;hdd;6
4923;fdd;13
4924;cdrom;10
4925;ddrom;27
4926;ram;34
4927;monitor;41
4928;klavye;48
4929;hdd;6
4930;fdd;13
4931;cdrom;10
4932;ddrom;27
4933;ram;34
4934;monitor;41
4935;klavye;48
4936;hdd;6
4937;fdd;13
4938;cdrom;10
4939;ddrom;27
4940;ram;34
4941;monitor;41
4942;klavye;48
4943;hdd;6
4944;fdd;13
4945;cdrom;10
4946;ddrom;27
4947;ram;34
4948;monitor;41
4949;klavye;48
4950;hdd;6
4951;fdd;13
4952;cdrom;10
4953;ddrom;27
4954;ram;34
4955;monitor;41
4956;klavye;48
4957;hdd;6
4958;fdd;13
4959;cdrom;10
4960;ddrom;27
4961;ram;34
4962;monitor;41
4963;klavye;48
4964;hdd;6
4965;fdd;13
4966;cdrom;10
4967;ddrom;27
4968;ram;34
4969;monitor;41
4970;klavye;48
4971;hdd;6
4972;fdd;13
4973;cdrom;10
4974;ddrom;27
4975;ram;34
4976;monitor;41
4977;klavye;48
4978;hdd;6
4979;fdd;13
4980;cdrom;10
4981;ddrom;27
4982;ram;34
4983;monitor;41
4984;klavye;48
4985;hdd;6
4986;fdd;13
4987;cdrom;10
4988;ddrom;27
4989;ram;34
4990;monitor;41
4991;klavye;48
4992;hdd;6
4993;fdd;13
4994;cdrom;10
4995;ddrom;27
4996;ram;34
4997;monitor;41
4998;klavye;48
4999;hdd;6
5000;fdd;13
5001;cdrom;10
5002;ddrom;27
5003;ram;34
5004;monitor;41
5005;klavye;48
5006;hdd;6
5007;fdd;13
5008;cdrom;10
5009;ddrom;27
5010;ram;34
5011;monitor;41
5012;klavye;48
5013;hdd;6
